r,t,y,NewCapacity
RE1,IMPCOA,2020,9.43
RE1,IMPCOA,2021,10.021
RE1,IMPCOA,2022,11.3996
RE1,IMPCOA,2023,12.7782
RE1,IMPCOA,2024,14.1568
RE1,IMPCOA,2025,15.5353
RE1,IMPCOA,2026,16.9139
RE1,IMPCOA,2027,18.2925
RE1,IMPCOA,2028,19.6711
RE1,IMPCOA,2029,21.0497
RE1,IMPCOA,2030,22.4283
RE1,IMPCOA,2031,23.8069
RE1,IMPCOA,2032,25.1854
RE1,IMPCOA,2033,26.564
RE1,IMPCOA,2034,27.9426
RE1,IMPCOA,2035,29.3212
RE1,IMPCOA,2036,30.6998
RE1,IMPCOA,2037,32.0784
RE1,IMPCOA,2038,33.457
RE1,IMPCOA,2039,34.8356
RE1,IMPCOA,2040,36.2141
RE1,IMPCOA,2041,37.5927
RE1,IMPCOA,2042,38.9713
RE1,IMPCOA,2043,40.3499
RE1,IMPCOA,2044,41.7285
RE1,IMPCOA,2045,43.1071
RE1,IMPCOA,2046,44.4857
RE1,IMPCOA,2047,45.8642
RE1,IMPCOA,2048,47.2428
RE1,IMPCOA,2049,48.6214
RE1,IMPCOA,2050,50.0
RE1,IMPDSL,2020,15.1711
RE1,IMPDSL,2021,15.5008
RE1,IMPDSL,2022,94.4032
RE1,IMPDSL,2023,98.9289
RE1,IMPDSL,2024,103.6711
RE1,IMPDSL,2025,108.6794
RE1,IMPDSL,2026,113.9055
RE1,IMPDSL,2027,135.1082
RE1,IMPDSL,2028,160.6584
RE1,IMPDSL,2029,191.119
RE1,IMPDSL,2030,214.054
RE1,IMPDSL,2031,243.9653
RE1,IMPDSL,2032,272.228
RE1,IMPDSL,2033,304.0726
RE1,IMPDSL,2034,335.2833
RE1,IMPDSL,2035,369.7233
RE1,IMPDSL,2036,407.6841
RE1,IMPDSL,2037,448.6935
RE1,IMPDSL,2038,495.0367
RE1,IMPDSL,2039,544.1667
RE1,IMPDSL,2040,537.4997
RE1,IMPDSL,2041,563.7177
RE1,IMPDSL,2042,606.2093
RE1,IMPDSL,2043,646.1284
RE1,IMPDSL,2044,681.8421
RE1,IMPDSL,2045,687.0609
RE1,IMPDSL,2046,687.2984
RE1,IMPDSL,2047,641.1741
RE1,IMPDSL,2048,637.2137
RE1,IMPDSL,2049,633.048
RE1,IMPDSL,2050,628.6518
RE1,MINBIO,2020,1553.4504
RE1,MINBIO,2021,1594.4074
RE1,MINBIO,2022,1611.817
RE1,MINBIO,2023,1629.3043
RE1,MINBIO,2024,1646.8485
RE1,MINBIO,2025,1664.4312
RE1,MINBIO,2026,1680.939
RE1,MINBIO,2027,1697.699
RE1,MINBIO,2028,1714.5095
RE1,MINBIO,2029,1731.3405
RE1,MINBIO,2030,1748.1777
RE1,MINBIO,2031,1740.3228
RE1,MINBIO,2032,1732.8244
RE1,MINBIO,2033,1725.6537
RE1,MINBIO,2034,1718.8047
RE1,MINBIO,2035,1732.2551
RE1,MINBIO,2036,1728.1244
RE1,MINBIO,2037,1724.2018
RE1,MINBIO,2038,1720.5732
RE1,MINBIO,2039,1717.3412
RE1,MINBIO,2040,1714.6154
RE1,MINBIO,2041,1705.7351
RE1,MINBIO,2042,1705.1504
RE1,MINBIO,2043,1705.8714
RE1,MINBIO,2044,1703.7281
RE1,MINBIO,2045,1704.5881
RE1,MINBIO,2046,1707.6713
RE1,MINBIO,2047,1702.3202
RE1,MINBIO,2048,1712.2046
RE1,MINBIO,2049,1725.3965
RE1,MINBIO,2050,1734.3541
RE1,MINGEO,2020,0.2446
RE1,MINGEO,2021,0.2345
RE1,MINGEO,2022,0.7205
RE1,MINGEO,2023,2.5998
RE1,MINGEO,2024,2.5998
RE1,MINGEO,2025,2.5998
RE1,MINGEO,2026,2.5998
RE1,MINGEO,2027,2.5998
RE1,MINGEO,2028,2.5998
RE1,MINGEO,2029,2.5998
RE1,MINGEO,2030,2.5998
RE1,MINGEO,2031,2.5998
RE1,MINGEO,2032,2.5998
RE1,MINGEO,2033,2.5998
RE1,MINGEO,2034,3.0867
RE1,MINGEO,2035,3.704
RE1,MINGEO,2036,4.4448
RE1,MINGEO,2037,5.3338
RE1,MINGEO,2038,6.4006
RE1,MINGEO,2039,7.6807
RE1,MINGEO,2040,7.6807
RE1,MINGEO,2041,11.0602
RE1,MINGEO,2042,13.2722
RE1,MINGEO,2043,15.9267
RE1,MINGEO,2044,17.8815
RE1,MINGEO,2045,22.3559
RE1,MINGEO,2046,27.5213
RE1,MINGEO,2047,33.0256
RE1,MINGEO,2048,39.6307
RE1,MINGEO,2049,47.5568
RE1,MINGEO,2050,57.0682
RE1,PWRGEO,2020,0.0
RE1,PWRGEO,2021,0.0
RE1,PWRGEO,2022,0.0145
RE1,PWRGEO,2023,0.0561
RE1,PWRGEO,2024,0.0
RE1,PWRGEO,2025,0.0
RE1,PWRGEO,2026,0.0
RE1,PWRGEO,2027,0.0
RE1,PWRGEO,2028,0.0
RE1,PWRGEO,2029,0.0
RE1,PWRGEO,2030,0.0
RE1,PWRGEO,2031,0.0
RE1,PWRGEO,2032,0.0
RE1,PWRGEO,2033,0.0
RE1,PWRGEO,2034,0.0145
RE1,PWRGEO,2035,0.0184
RE1,PWRGEO,2036,0.0221
RE1,PWRGEO,2037,0.0265
RE1,PWRGEO,2038,0.0318
RE1,PWRGEO,2039,0.0452
RE1,PWRGEO,2040,0.0
RE1,PWRGEO,2041,0.1009
RE1,PWRGEO,2042,0.066
RE1,PWRGEO,2043,0.0792
RE1,PWRGEO,2044,0.0583
RE1,PWRGEO,2045,0.1335
RE1,PWRGEO,2046,0.1542
RE1,PWRGEO,2047,0.1788
RE1,PWRGEO,2048,0.2532
RE1,PWRGEO,2049,0.2366
RE1,PWRGEO,2050,0.2839
RE1,PWRPVU,2020,0.0
RE1,PWRPVU,2021,0.0
RE1,PWRPVU,2022,0.0952
RE1,PWRPVU,2023,0.0059
RE1,PWRPVU,2024,0.0062
RE1,PWRPVU,2025,0.0065
RE1,PWRPVU,2026,0.0068
RE1,PWRPVU,2027,0.0287
RE1,PWRPVU,2028,0.0345
RE1,PWRPVU,2029,0.0414
RE1,PWRPVU,2030,0.0
RE1,PWRPVU,2031,0.0
RE1,PWRPVU,2032,0.0
RE1,PWRPVU,2033,0.0
RE1,PWRPVU,2034,0.0
RE1,PWRPVU,2035,0.0
RE1,PWRPVU,2036,0.0103
RE1,PWRPVU,2037,0.0517
RE1,PWRPVU,2038,0.0621
RE1,PWRPVU,2039,0.1638
RE1,PWRPVU,2040,0.0
RE1,PWRPVU,2041,0.1072
RE1,PWRPVU,2042,0.1287
RE1,PWRPVU,2043,0.1544
RE1,PWRPVU,2044,0.1853
RE1,PWRPVU,2045,0.2224
RE1,PWRPVU,2046,0.2898
RE1,PWRPVU,2047,0.4154
RE1,PWRPVU,2048,0.5384
RE1,PWRPVU,2049,0.3191
RE1,PWRPVU,2050,0.5599
RE1,PWRHYD001,2020,0.0
RE1,PWRHYD001,2021,0.0
RE1,PWRHYD001,2022,0.2355
RE1,PWRHYD001,2023,0.4139
RE1,PWRHYD001,2024,0.9249
RE1,PWRHYD001,2025,0.8439
RE1,PWRHYD001,2026,0.4937
RE1,PWRHYD001,2027,1.249
RE1,PWRHYD001,2028,0.6935
RE1,PWRHYD001,2029,0.5477
RE1,PWRHYD001,2030,0.0
RE1,PWRHYD001,2031,0.3199
RE1,PWRHYD001,2032,0.7624
RE1,PWRHYD001,2033,0.7286
RE1,PWRHYD001,2034,0.6616
RE1,PWRHYD001,2035,0.5774
RE1,PWRHYD001,2036,0.48
RE1,PWRHYD001,2037,0.3556
RE1,PWRHYD001,2038,0.1965
RE1,PWRHYD001,2039,0.0
RE1,PWRHYD001,2040,0.0
RE1,PWRHYD001,2041,0.0
RE1,PWRHYD001,2042,0.0
RE1,PWRHYD001,2043,0.0
RE1,PWRHYD001,2044,0.0
RE1,PWRHYD001,2045,0.3221
RE1,PWRHYD001,2046,0.2795
RE1,PWRHYD001,2047,0.7476
RE1,PWRHYD001,2048,0.0
RE1,PWRHYD001,2049,0.0
RE1,PWRHYD001,2050,0.0
RE1,PWRHYD002,2020,0.0
RE1,PWRHYD002,2021,0.0
RE1,PWRHYD002,2022,0.0146
RE1,PWRHYD002,2023,0.5792
RE1,PWRHYD002,2024,0.2874
RE1,PWRHYD002,2025,0.2908
RE1,PWRHYD002,2026,0.2914
RE1,PWRHYD002,2027,0.0879
RE1,PWRHYD002,2028,0.0208
RE1,PWRHYD002,2029,0.0
RE1,PWRHYD002,2030,0.0
RE1,PWRHYD002,2031,0.3782
RE1,PWRHYD002,2032,0.0064
RE1,PWRHYD002,2033,0.0
RE1,PWRHYD002,2034,0.0
RE1,PWRHYD002,2035,0.0
RE1,PWRHYD002,2036,0.0
RE1,PWRHYD002,2037,0.0
RE1,PWRHYD002,2038,0.0
RE1,PWRHYD002,2039,0.0
RE1,PWRHYD002,2040,0.0
RE1,PWRHYD002,2041,0.0
RE1,PWRHYD002,2042,0.0
RE1,PWRHYD002,2043,0.0
RE1,PWRHYD002,2044,0.0
RE1,PWRHYD002,2045,0.0
RE1,PWRHYD002,2046,0.0
RE1,PWRHYD002,2047,0.0
RE1,PWRHYD002,2048,0.0
RE1,PWRHYD002,2049,0.0
RE1,PWRHYD002,2050,0.0
RE1,PWRPVR,2020,0.0
RE1,PWRPVR,2021,0.0
RE1,PWRPVR,2022,0.0007
RE1,PWRPVR,2023,0.0007
RE1,PWRPVR,2024,0.0008
RE1,PWRPVR,2025,0.0008
RE1,PWRPVR,2026,0.0009
RE1,PWRPVR,2027,0.0036
RE1,PWRPVR,2028,0.0043
RE1,PWRPVR,2029,0.0342
RE1,PWRPVR,2030,0.0
RE1,PWRPVR,2031,0.0264
RE1,PWRPVR,2032,0.0277
RE1,PWRPVR,2033,0.0103
RE1,PWRPVR,2034,0.0249
RE1,PWRPVR,2035,0.0298
RE1,PWRPVR,2036,0.0358
RE1,PWRPVR,2037,0.043
RE1,PWRPVR,2038,0.0516
RE1,PWRPVR,2039,0.0619
RE1,PWRPVR,2040,0.0742
RE1,PWRPVR,2041,0.0891
RE1,PWRPVR,2042,0.1069
RE1,PWRPVR,2043,0.1283
RE1,PWRPVR,2044,0.1539
RE1,PWRPVR,2045,0.1847
RE1,PWRPVR,2046,0.2357
RE1,PWRPVR,2047,0.2667
RE1,PWRPVR,2048,0.3199
RE1,PWRPVR,2049,0.3838
RE1,PWRPVR,2050,0.4605
RE1,PWRHYD004,2020,0.0
RE1,PWRHYD004,2021,0.0
RE1,PWRHYD004,2022,0.0117
RE1,PWRHYD004,2023,0.0006
RE1,PWRHYD004,2024,0.0007
RE1,PWRHYD004,2025,0.0007
RE1,PWRHYD004,2026,0.0
RE1,PWRHYD004,2027,0.0
RE1,PWRHYD004,2028,0.0
RE1,PWRHYD004,2029,0.0
RE1,PWRHYD004,2030,0.0
RE1,PWRHYD004,2031,0.0
RE1,PWRHYD004,2032,0.0
RE1,PWRHYD004,2033,0.0
RE1,PWRHYD004,2034,0.0
RE1,PWRHYD004,2035,0.0011
RE1,PWRHYD004,2036,0.0032
RE1,PWRHYD004,2037,0.0038
RE1,PWRHYD004,2038,0.0045
RE1,PWRHYD004,2039,0.0055
RE1,PWRHYD004,2040,0.0065
RE1,PWRHYD004,2041,0.0079
RE1,PWRHYD004,2042,0.0094
RE1,PWRHYD004,2043,0.0113
RE1,PWRHYD004,2044,0.0136
RE1,PWRHYD004,2045,0.0163
RE1,PWRHYD004,2046,0.0196
RE1,PWRHYD004,2047,0.0235
RE1,PWRHYD004,2048,0.0092
RE1,PWRHYD004,2049,0.0
RE1,PWRHYD004,2050,0.0
RE1,PWRDSL,2020,0.0
RE1,PWRDSL,2021,0.0
RE1,PWRDSL,2022,1.0369
RE1,PWRDSL,2023,0.0563
RE1,PWRDSL,2024,0.0591
RE1,PWRDSL,2025,0.0621
RE1,PWRDSL,2026,0.0652
RE1,PWRDSL,2027,0.2737
RE1,PWRDSL,2028,0.3285
RE1,PWRDSL,2029,0.3941
RE1,PWRDSL,2030,0.3817
RE1,PWRDSL,2031,0.3874
RE1,PWRDSL,2032,0.3658
RE1,PWRDSL,2033,0.4121
RE1,PWRDSL,2034,0.4044
RE1,PWRDSL,2035,0.4466
RE1,PWRDSL,2036,0.4929
RE1,PWRDSL,2037,0.5335
RE1,PWRDSL,2038,0.6027
RE1,PWRDSL,2039,0.6391
RE1,PWRDSL,2040,0.0
RE1,PWRDSL,2041,0.25
RE1,PWRDSL,2042,0.5516
RE1,PWRDSL,2043,0.5179
RE1,PWRDSL,2044,0.4624
RE1,PWRDSL,2045,0.0651
RE1,PWRDSL,2046,0.0
RE1,PWRDSL,2047,0.4308
RE1,PWRDSL,2048,0.0
RE1,PWRDSL,2049,0.0
RE1,PWRDSL,2050,0.0
RE1,PWRWND,2020,0.0
RE1,PWRWND,2021,0.0
RE1,PWRWND,2022,0.0202
RE1,PWRWND,2023,0.0212
RE1,PWRWND,2024,0.0223
RE1,PWRWND,2025,0.0234
RE1,PWRWND,2026,0.0246
RE1,PWRWND,2027,0.0
RE1,PWRWND,2028,0.0
RE1,PWRWND,2029,0.0
RE1,PWRWND,2030,0.0
RE1,PWRWND,2031,0.0
RE1,PWRWND,2032,0.0
RE1,PWRWND,2033,0.0
RE1,PWRWND,2034,0.0
RE1,PWRWND,2035,0.0
RE1,PWRWND,2036,0.0
RE1,PWRWND,2037,0.0
RE1,PWRWND,2038,0.0
RE1,PWRWND,2039,0.4161
RE1,PWRWND,2040,0.0
RE1,PWRWND,2041,0.0658
RE1,PWRWND,2042,0.265
RE1,PWRWND,2043,0.2702
RE1,PWRWND,2044,0.2261
RE1,PWRWND,2045,0.3774
RE1,PWRWND,2046,0.3471
RE1,PWRWND,2047,0.6673
RE1,PWRWND,2048,0.0893
RE1,PWRWND,2049,0.0
RE1,PWRWND,2050,0.0
RE1,PWRTRN,2020,0.0
RE1,PWRTRN,2021,0.0
RE1,PWRTRN,2022,1.1698
RE1,PWRTRN,2023,0.4327
RE1,PWRTRN,2024,0.4355
RE1,PWRTRN,2025,0.4125
RE1,PWRTRN,2026,0.3017
RE1,PWRTRN,2027,0.6263
RE1,PWRTRN,2028,0.4636
RE1,PWRTRN,2029,0.4561
RE1,PWRTRN,2030,0.4802
RE1,PWRTRN,2031,0.509
RE1,PWRTRN,2032,0.5178
RE1,PWRTRN,2033,0.5367
RE1,PWRTRN,2034,0.5409
RE1,PWRTRN,2035,0.5499
RE1,PWRTRN,2036,0.5612
RE1,PWRTRN,2037,0.5724
RE1,PWRTRN,2038,0.5825
RE1,PWRTRN,2039,0.5935
RE1,PWRTRN,2040,0.5827
RE1,PWRTRN,2041,0.5311
RE1,PWRTRN,2042,0.527
RE1,PWRTRN,2043,0.5221
RE1,PWRTRN,2044,0.5166
RE1,PWRTRN,2045,0.5023
RE1,PWRTRN,2046,0.4898
RE1,PWRTRN,2047,0.469
RE1,PWRTRN,2048,0.4625
RE1,PWRTRN,2049,0.4474
RE1,PWRTRN,2050,0.4162
RE1,PWRBIO001,2020,0.0
RE1,PWRBIO001,2021,0.0
RE1,PWRBIO001,2022,0.1681
RE1,PWRBIO001,2023,0.0826
RE1,PWRBIO001,2024,0.0
RE1,PWRBIO001,2025,0.0
RE1,PWRBIO001,2026,0.0
RE1,PWRBIO001,2027,0.0
RE1,PWRBIO001,2028,0.0
RE1,PWRBIO001,2029,0.0
RE1,PWRBIO001,2030,0.0
RE1,PWRBIO001,2031,0.0
RE1,PWRBIO001,2032,0.0
RE1,PWRBIO001,2033,0.0
RE1,PWRBIO001,2034,0.0533
RE1,PWRBIO001,2035,0.0658
RE1,PWRBIO001,2036,0.079
RE1,PWRBIO001,2037,0.0948
RE1,PWRBIO001,2038,0.1137
RE1,PWRBIO001,2039,0.1364
RE1,PWRBIO001,2040,0.0
RE1,PWRBIO001,2041,0.3602
RE1,PWRBIO001,2042,0.0
RE1,PWRBIO001,2043,0.0
RE1,PWRBIO001,2044,0.0966
RE1,PWRBIO001,2045,0.2913
RE1,PWRBIO001,2046,0.3387
RE1,PWRBIO001,2047,0.8274
RE1,PWRBIO001,2048,0.3346
RE1,PWRBIO001,2049,0.4464
RE1,PWRBIO001,2050,0.1114
RE1,IMPPET,2020,94.855
RE1,IMPPET,2021,98.464
RE1,IMPPET,2022,129.5514
RE1,IMPPET,2023,160.6389
RE1,IMPPET,2024,191.7263
RE1,IMPPET,2025,222.8138
RE1,IMPPET,2026,253.9012
RE1,IMPPET,2027,284.9887
RE1,IMPPET,2028,316.0761
RE1,IMPPET,2029,347.1636
RE1,IMPPET,2030,378.251
RE1,IMPPET,2031,409.3385
RE1,IMPPET,2032,440.4259
RE1,IMPPET,2033,471.5134
RE1,IMPPET,2034,502.6008
RE1,IMPPET,2035,533.6883
RE1,IMPPET,2036,564.7757
RE1,IMPPET,2037,595.8632
RE1,IMPPET,2038,626.9506
RE1,IMPPET,2039,658.0381
RE1,IMPPET,2040,689.1255
RE1,IMPPET,2041,720.213
RE1,IMPPET,2042,751.3004
RE1,IMPPET,2043,782.3879
RE1,IMPPET,2044,813.4753
RE1,IMPPET,2045,844.5628
RE1,IMPPET,2046,875.6502
RE1,IMPPET,2047,906.7377
RE1,IMPPET,2048,937.8251
RE1,IMPPET,2049,968.9126
RE1,IMPPET,2050,1000.0
RE1,DEMTRAPET,2020,94.855
RE1,DEMTRAPET,2021,98.464
RE1,DEMTRAPET,2022,129.5514
RE1,DEMTRAPET,2023,160.6389
RE1,DEMTRAPET,2024,191.7263
RE1,DEMTRAPET,2025,222.8138
RE1,DEMTRAPET,2026,253.9012
RE1,DEMTRAPET,2027,284.9887
RE1,DEMTRAPET,2028,316.0761
RE1,DEMTRAPET,2029,347.1636
RE1,DEMTRAPET,2030,378.251
RE1,DEMTRAPET,2031,409.3385
RE1,DEMTRAPET,2032,440.4259
RE1,DEMTRAPET,2033,471.5134
RE1,DEMTRAPET,2034,502.6008
RE1,DEMTRAPET,2035,533.6883
RE1,DEMTRAPET,2036,564.7757
RE1,DEMTRAPET,2037,595.8632
RE1,DEMTRAPET,2038,626.9506
RE1,DEMTRAPET,2039,658.0381
RE1,DEMTRAPET,2040,689.1255
RE1,DEMTRAPET,2041,720.213
RE1,DEMTRAPET,2042,751.3004
RE1,DEMTRAPET,2043,782.3879
RE1,DEMTRAPET,2044,813.4753
RE1,DEMTRAPET,2045,844.5628
RE1,DEMTRAPET,2046,875.6502
RE1,DEMTRAPET,2047,906.7377
RE1,DEMTRAPET,2048,937.8251
RE1,DEMTRAPET,2049,968.9126
RE1,DEMTRAPET,2050,1000.0
RE1,DEMRESBIO,2020,1552.323
RE1,DEMRESBIO,2021,1593.28
RE1,DEMRESBIO,2022,1611.817
RE1,DEMRESBIO,2023,1629.3043
RE1,DEMRESBIO,2024,1646.8485
RE1,DEMRESBIO,2025,1664.4312
RE1,DEMRESBIO,2026,1680.939
RE1,DEMRESBIO,2027,1697.699
RE1,DEMRESBIO,2028,1713.8618
RE1,DEMRESBIO,2029,1731.3405
RE1,DEMRESBIO,2030,1747.5713
RE1,DEMRESBIO,2031,1740.3228
RE1,DEMRESBIO,2032,1732.8244
RE1,DEMRESBIO,2033,1725.6537
RE1,DEMRESBIO,2034,1718.8047
RE1,DEMRESBIO,2035,1732.2551
RE1,DEMRESBIO,2036,1728.1244
RE1,DEMRESBIO,2037,1724.2018
RE1,DEMRESBIO,2038,1720.5732
RE1,DEMRESBIO,2039,1717.3412
RE1,DEMRESBIO,2040,1709.3341
RE1,DEMRESBIO,2041,1705.7351
RE1,DEMRESBIO,2042,1684.6685
RE1,DEMRESBIO,2043,1662.7834
RE1,DEMRESBIO,2044,1646.2083
RE1,DEMRESBIO,2045,1633.9304
RE1,DEMRESBIO,2046,1621.7401
RE1,DEMRESBIO,2047,1631.5145
RE1,DEMRESBIO,2048,1614.6652
RE1,DEMRESBIO,2049,1599.2178
RE1,DEMRESBIO,2050,1575.342
RE1,DEMINDCOA,2020,9.43
RE1,DEMINDCOA,2021,10.021
RE1,DEMINDCOA,2022,11.3996
RE1,DEMINDCOA,2023,12.7782
RE1,DEMINDCOA,2024,14.1568
RE1,DEMINDCOA,2025,15.5353
RE1,DEMINDCOA,2026,16.9139
RE1,DEMINDCOA,2027,18.2925
RE1,DEMINDCOA,2028,19.6711
RE1,DEMINDCOA,2029,21.0497
RE1,DEMINDCOA,2030,22.4283
RE1,DEMINDCOA,2031,23.8069
RE1,DEMINDCOA,2032,25.1854
RE1,DEMINDCOA,2033,26.564
RE1,DEMINDCOA,2034,27.9426
RE1,DEMINDCOA,2035,29.3212
RE1,DEMINDCOA,2036,30.6998
RE1,DEMINDCOA,2037,32.0784
RE1,DEMINDCOA,2038,33.457
RE1,DEMINDCOA,2039,34.8356
RE1,DEMINDCOA,2040,36.2141
RE1,DEMINDCOA,2041,37.5927
RE1,DEMINDCOA,2042,38.9713
RE1,DEMINDCOA,2043,40.3499
RE1,DEMINDCOA,2044,41.7285
RE1,DEMINDCOA,2045,43.1071
RE1,DEMINDCOA,2046,44.4857
RE1,DEMINDCOA,2047,45.8642
RE1,DEMINDCOA,2048,47.2428
RE1,DEMINDCOA,2049,48.6214
RE1,DEMINDCOA,2050,50.0
RE1,MINLND,2020,1130.0
RE1,MINLND,2021,0.0
RE1,MINLND,2022,-0.0
RE1,MINLND,2023,0.0
RE1,MINLND,2024,0.0
RE1,MINLND,2025,0.0
RE1,MINLND,2026,0.0
RE1,MINLND,2027,-0.0
RE1,MINLND,2028,0.0
RE1,MINLND,2029,0.0
RE1,MINLND,2030,0.0
RE1,MINLND,2031,0.0
RE1,MINLND,2032,-0.0
RE1,MINLND,2033,0.0
RE1,MINLND,2034,0.0
RE1,MINLND,2035,0.0
RE1,MINLND,2036,0.0
RE1,MINLND,2037,-0.0
RE1,MINLND,2038,0.0
RE1,MINLND,2039,0.0
RE1,MINLND,2040,0.0
RE1,MINLND,2041,0.0
RE1,MINLND,2042,-0.0
RE1,MINLND,2043,0.0
RE1,MINLND,2044,0.0
RE1,MINLND,2045,0.0
RE1,MINLND,2046,0.0
RE1,MINLND,2047,0.0
RE1,MINLND,2048,0.0
RE1,MINLND,2049,0.0
RE1,MINLND,2050,0.0
RE1,LNDCERHR,2020,0.0
RE1,LNDCERHR,2021,0.1829
RE1,LNDCERHR,2022,0.1756
RE1,LNDCERHR,2023,0.1686
RE1,LNDCERHR,2024,0.2143
RE1,LNDCERHR,2025,0.2018
RE1,LNDCERHR,2026,0.2128
RE1,LNDCERHR,2027,0.1987
RE1,LNDCERHR,2028,0.2048
RE1,LNDCERHR,2029,0.2071
RE1,LNDCERHR,2030,0.2057
RE1,LNDCERHR,2031,0.201
RE1,LNDCERHR,2032,0.1935
RE1,LNDCERHR,2033,0.1838
RE1,LNDCERHR,2034,0.1908
RE1,LNDCERHR,2035,0.1874
RE1,LNDCERHR,2036,0.4011
RE1,LNDCERHR,2037,0.382
RE1,LNDCERHR,2038,0.3327
RE1,LNDCERHR,2039,0.3788
RE1,LNDCERHR,2040,0.2386
RE1,LNDCERHR,2041,0.25
RE1,LNDCERHR,2042,0.2363
RE1,LNDCERHR,2043,0.2428
RE1,LNDCERHR,2044,0.2454
RE1,LNDCERHR,2045,0.2444
RE1,LNDCERHR,2046,0.2401
RE1,LNDCERHR,2047,0.233
RE1,LNDCERHR,2048,0.2237
RE1,LNDCERHR,2049,0.231
RE1,LNDCERHR,2050,0.2281
RE1,LNDCERLR,2020,0.0
RE1,LNDCERLR,2021,0.0
RE1,LNDCERLR,2022,2.2715
RE1,LNDCERLR,2023,2.2326
RE1,LNDCERLR,2024,2.6681
RE1,LNDCERLR,2025,2.6782
RE1,LNDCERLR,2026,2.7256
RE1,LNDCERLR,2027,2.4696
RE1,LNDCERLR,2028,2.2046
RE1,LNDCERLR,2029,2.1498
RE1,LNDCERLR,2030,1.4077
RE1,LNDCERLR,2031,0.6912
RE1,LNDCERLR,2032,0.0
RE1,LNDCERLR,2033,0.0
RE1,LNDCERLR,2034,0.0
RE1,LNDCERLR,2035,0.0
RE1,LNDCERLR,2036,0.0
RE1,LNDCERLR,2037,0.0
RE1,LNDCERLR,2038,0.0
RE1,LNDCERLR,2039,0.0
RE1,LNDCERLR,2040,0.0
RE1,LNDCERLR,2041,0.0
RE1,LNDCERLR,2042,0.0
RE1,LNDCERLR,2043,0.0
RE1,LNDCERLR,2044,0.0
RE1,LNDCERLR,2045,0.0
RE1,LNDCERLR,2046,0.0
RE1,LNDCERLR,2047,0.0
RE1,LNDCERLR,2048,0.0
RE1,LNDCERLR,2049,0.0
RE1,LNDCERLR,2050,0.0
RE1,LNDCERHI,2020,0.0
RE1,LNDCERHI,2021,0.064
RE1,LNDCERHI,2022,0.0
RE1,LNDCERHI,2023,0.0
RE1,LNDCERHI,2024,0.0
RE1,LNDCERHI,2025,0.0
RE1,LNDCERHI,2026,0.0
RE1,LNDCERHI,2027,0.0
RE1,LNDCERHI,2028,0.0
RE1,LNDCERHI,2029,0.0
RE1,LNDCERHI,2030,0.0
RE1,LNDCERHI,2031,0.0
RE1,LNDCERHI,2032,0.0
RE1,LNDCERHI,2033,0.0
RE1,LNDCERHI,2034,0.0043
RE1,LNDCERHI,2035,0.005
RE1,LNDCERHI,2036,0.0698
RE1,LNDCERHI,2037,0.0055
RE1,LNDCERHI,2038,0.0044
RE1,LNDCERHI,2039,0.0044
RE1,LNDCERHI,2040,0.0009
RE1,LNDCERHI,2041,0.0009
RE1,LNDCERHI,2042,0.001
RE1,LNDCERHI,2043,0.001
RE1,LNDCERHI,2044,0.001
RE1,LNDCERHI,2045,0.001
RE1,LNDCERHI,2046,0.001
RE1,LNDCERHI,2047,0.001
RE1,LNDCERHI,2048,0.001
RE1,LNDCERHI,2049,0.0054
RE1,LNDCERHI,2050,0.006
RE1,LNDCERLI,2020,0.0
RE1,LNDCERLI,2021,0.576
RE1,LNDCERLI,2022,0.0
RE1,LNDCERLI,2023,0.0
RE1,LNDCERLI,2024,0.0
RE1,LNDCERLI,2025,0.0
RE1,LNDCERLI,2026,0.0
RE1,LNDCERLI,2027,0.0
RE1,LNDCERLI,2028,0.056
RE1,LNDCERLI,2029,0.3578
RE1,LNDCERLI,2030,0.7257
RE1,LNDCERLI,2031,1.0666
RE1,LNDCERLI,2032,1.3826
RE1,LNDCERLI,2033,1.352
RE1,LNDCERLI,2034,1.4186
RE1,LNDCERLI,2035,1.417
RE1,LNDCERLI,2036,2.1499
RE1,LNDCERLI,2037,2.6403
RE1,LNDCERLI,2038,2.4413
RE1,LNDCERLI,2039,2.7088
RE1,LNDCERLI,2040,2.1345
RE1,LNDCERLI,2041,2.1716
RE1,LNDCERLI,2042,2.0623
RE1,LNDCERLI,2043,2.0057
RE1,LNDCERLI,2044,2.4762
RE1,LNDCERLI,2045,2.3948
RE1,LNDCERLI,2046,2.3549
RE1,LNDCERLI,2047,2.3309
RE1,LNDCERLI,2048,2.3115
RE1,LNDCERLI,2049,2.3967
RE1,LNDCERLI,2050,2.418
RE1,LNDMAIHR,2020,0.0
RE1,LNDMAIHR,2021,0.1381
RE1,LNDMAIHR,2022,0.1326
RE1,LNDMAIHR,2023,0.1273
RE1,LNDMAIHR,2024,0.1619
RE1,LNDMAIHR,2025,0.1524
RE1,LNDMAIHR,2026,0.1607
RE1,LNDMAIHR,2027,0.1501
RE1,LNDMAIHR,2028,0.1547
RE1,LNDMAIHR,2029,0.1564
RE1,LNDMAIHR,2030,0.1553
RE1,LNDMAIHR,2031,0.1518
RE1,LNDMAIHR,2032,0.1462
RE1,LNDMAIHR,2033,0.1388
RE1,LNDMAIHR,2034,0.1441
RE1,LNDMAIHR,2035,0.1416
RE1,LNDMAIHR,2036,0.3029
RE1,LNDMAIHR,2037,0.2885
RE1,LNDMAIHR,2038,0.2513
RE1,LNDMAIHR,2039,0.2861
RE1,LNDMAIHR,2040,0.1802
RE1,LNDMAIHR,2041,0.1888
RE1,LNDMAIHR,2042,0.1784
RE1,LNDMAIHR,2043,0.1834
RE1,LNDMAIHR,2044,0.1853
RE1,LNDMAIHR,2045,0.1846
RE1,LNDMAIHR,2046,0.1813
RE1,LNDMAIHR,2047,0.176
RE1,LNDMAIHR,2048,0.1689
RE1,LNDMAIHR,2049,0.1745
RE1,LNDMAIHR,2050,0.1723
RE1,LNDMAILR,2020,0.0
RE1,LNDMAILR,2021,1.6543
RE1,LNDMAILR,2022,1.6471
RE1,LNDMAILR,2023,1.616
RE1,LNDMAILR,2024,1.9432
RE1,LNDMAILR,2025,1.9256
RE1,LNDMAILR,2026,1.9781
RE1,LNDMAILR,2027,1.8192
RE1,LNDMAILR,2028,1.6985
RE1,LNDMAILR,2029,1.6591
RE1,LNDMAILR,2030,1.2749
RE1,LNDMAILR,2031,0.8973
RE1,LNDMAILR,2032,0.3183
RE1,LNDMAILR,2033,0.0
RE1,LNDMAILR,2034,0.0
RE1,LNDMAILR,2035,0.0
RE1,LNDMAILR,2036,0.0
RE1,LNDMAILR,2037,0.0
RE1,LNDMAILR,2038,0.0
RE1,LNDMAILR,2039,0.0
RE1,LNDMAILR,2040,0.0
RE1,LNDMAILR,2041,0.0
RE1,LNDMAILR,2042,0.0
RE1,LNDMAILR,2043,0.0
RE1,LNDMAILR,2044,0.0
RE1,LNDMAILR,2045,0.0
RE1,LNDMAILR,2046,0.0
RE1,LNDMAILR,2047,0.0
RE1,LNDMAILR,2048,0.0
RE1,LNDMAILR,2049,0.0
RE1,LNDMAILR,2050,0.0
RE1,LNDMAIHI,2020,0.0
RE1,LNDMAIHI,2021,0.0483
RE1,LNDMAIHI,2022,0.0
RE1,LNDMAIHI,2023,0.0
RE1,LNDMAIHI,2024,0.0
RE1,LNDMAIHI,2025,0.0
RE1,LNDMAIHI,2026,0.0
RE1,LNDMAIHI,2027,0.0
RE1,LNDMAIHI,2028,0.0
RE1,LNDMAIHI,2029,0.0
RE1,LNDMAIHI,2030,0.0
RE1,LNDMAIHI,2031,0.0
RE1,LNDMAIHI,2032,0.0
RE1,LNDMAIHI,2033,0.0
RE1,LNDMAIHI,2034,0.0034
RE1,LNDMAIHI,2035,0.0038
RE1,LNDMAIHI,2036,0.0613
RE1,LNDMAIHI,2037,0.0007
RE1,LNDMAIHI,2038,0.0007
RE1,LNDMAIHI,2039,0.0007
RE1,LNDMAIHI,2040,0.0007
RE1,LNDMAIHI,2041,0.0007
RE1,LNDMAIHI,2042,0.0007
RE1,LNDMAIHI,2043,0.0007
RE1,LNDMAIHI,2044,0.0007
RE1,LNDMAIHI,2045,0.0007
RE1,LNDMAIHI,2046,0.0007
RE1,LNDMAIHI,2047,0.0008
RE1,LNDMAIHI,2048,0.0008
RE1,LNDMAIHI,2049,0.0042
RE1,LNDMAIHI,2050,0.0045
RE1,LNDMAILI,2020,0.0
RE1,LNDMAILI,2021,0.4345
RE1,LNDMAILI,2022,0.0
RE1,LNDMAILI,2023,0.0
RE1,LNDMAILI,2024,0.0
RE1,LNDMAILI,2025,0.0
RE1,LNDMAILI,2026,0.0
RE1,LNDMAILI,2027,0.0
RE1,LNDMAILI,2028,0.042
RE1,LNDMAILI,2029,0.2698
RE1,LNDMAILI,2030,0.5473
RE1,LNDMAILI,2031,0.8043
RE1,LNDMAILI,2032,1.1898
RE1,LNDMAILI,2033,1.3807
RE1,LNDMAILI,2034,1.4332
RE1,LNDMAILI,2035,1.4322
RE1,LNDMAILI,2036,3.28
RE1,LNDMAILI,2037,2.6892
RE1,LNDMAILI,2038,2.4817
RE1,LNDMAILI,2039,2.7364
RE1,LNDMAILI,2040,2.1298
RE1,LNDMAILI,2041,2.1865
RE1,LNDMAILI,2042,2.0948
RE1,LNDMAILI,2043,2.0727
RE1,LNDMAILI,2044,2.3173
RE1,LNDMAILI,2045,2.3325
RE1,LNDMAILI,2046,2.3395
RE1,LNDMAILI,2047,2.3373
RE1,LNDMAILI,2048,2.3268
RE1,LNDMAILI,2049,2.4037
RE1,LNDMAILI,2050,2.4283
RE1,LNDWHEHR,2020,0.0
RE1,LNDWHEHR,2021,0.1069
RE1,LNDWHEHR,2022,0.1027
RE1,LNDWHEHR,2023,0.0986
RE1,LNDWHEHR,2024,0.1253
RE1,LNDWHEHR,2025,0.118
RE1,LNDWHEHR,2026,0.1245
RE1,LNDWHEHR,2027,0.1162
RE1,LNDWHEHR,2028,0.1198
RE1,LNDWHEHR,2029,0.1211
RE1,LNDWHEHR,2030,0.1203
RE1,LNDWHEHR,2031,0.1175
RE1,LNDWHEHR,2032,0.1132
RE1,LNDWHEHR,2033,0.1075
RE1,LNDWHEHR,2034,0.1115
RE1,LNDWHEHR,2035,0.1096
RE1,LNDWHEHR,2036,0.2346
RE1,LNDWHEHR,2037,0.2234
RE1,LNDWHEHR,2038,0.1946
RE1,LNDWHEHR,2039,0.2215
RE1,LNDWHEHR,2040,0.1396
RE1,LNDWHEHR,2041,0.1462
RE1,LNDWHEHR,2042,0.1382
RE1,LNDWHEHR,2043,0.142
RE1,LNDWHEHR,2044,0.1435
RE1,LNDWHEHR,2045,0.1429
RE1,LNDWHEHR,2046,0.1404
RE1,LNDWHEHR,2047,0.1362
RE1,LNDWHEHR,2048,0.1308
RE1,LNDWHEHR,2049,0.1351
RE1,LNDWHEHR,2050,0.1334
RE1,LNDWHELR,2020,0.0
RE1,LNDWHELR,2021,1.3857
RE1,LNDWHELR,2022,1.4035
RE1,LNDWHELR,2023,1.3811
RE1,LNDWHELR,2024,1.6361
RE1,LNDWHELR,2025,1.6121
RE1,LNDWHELR,2026,1.6641
RE1,LNDWHELR,2027,1.5602
RE1,LNDWHELR,2028,1.5065
RE1,LNDWHELR,2029,1.5704
RE1,LNDWHELR,2030,1.3543
RE1,LNDWHELR,2031,1.1376
RE1,LNDWHELR,2032,0.8034
RE1,LNDWHELR,2033,0.3029
RE1,LNDWHELR,2034,0.0
RE1,LNDWHELR,2035,0.0
RE1,LNDWHELR,2036,0.0
RE1,LNDWHELR,2037,0.0
RE1,LNDWHELR,2038,0.0
RE1,LNDWHELR,2039,0.0
RE1,LNDWHELR,2040,0.0
RE1,LNDWHELR,2041,0.0
RE1,LNDWHELR,2042,0.0
RE1,LNDWHELR,2043,0.0
RE1,LNDWHELR,2044,0.0
RE1,LNDWHELR,2045,0.0
RE1,LNDWHELR,2046,0.0
RE1,LNDWHELR,2047,0.0
RE1,LNDWHELR,2048,0.0
RE1,LNDWHELR,2049,0.0
RE1,LNDWHELR,2050,0.0
RE1,LNDWHEHI,2020,0.0
RE1,LNDWHEHI,2021,0.0366
RE1,LNDWHEHI,2022,0.0
RE1,LNDWHEHI,2023,0.0
RE1,LNDWHEHI,2024,0.0
RE1,LNDWHEHI,2025,0.0
RE1,LNDWHEHI,2026,0.0
RE1,LNDWHEHI,2027,0.0
RE1,LNDWHEHI,2028,0.0
RE1,LNDWHEHI,2029,0.0
RE1,LNDWHEHI,2030,0.0
RE1,LNDWHEHI,2031,0.0
RE1,LNDWHEHI,2032,0.0
RE1,LNDWHEHI,2033,0.0
RE1,LNDWHEHI,2034,0.0026
RE1,LNDWHEHI,2035,0.0028
RE1,LNDWHEHI,2036,0.0465
RE1,LNDWHEHI,2037,0.0005
RE1,LNDWHEHI,2038,0.0005
RE1,LNDWHEHI,2039,0.0005
RE1,LNDWHEHI,2040,0.0005
RE1,LNDWHEHI,2041,0.0005
RE1,LNDWHEHI,2042,0.0005
RE1,LNDWHEHI,2043,0.0006
RE1,LNDWHEHI,2044,0.0006
RE1,LNDWHEHI,2045,0.0006
RE1,LNDWHEHI,2046,0.0006
RE1,LNDWHEHI,2047,0.0006
RE1,LNDWHEHI,2048,0.0006
RE1,LNDWHEHI,2049,0.0032
RE1,LNDWHEHI,2050,0.0034
RE1,LNDWHELI,2020,0.0
RE1,LNDWHELI,2021,0.3296
RE1,LNDWHELI,2022,0.0
RE1,LNDWHELI,2023,0.0
RE1,LNDWHELI,2024,0.0
RE1,LNDWHELI,2025,0.0
RE1,LNDWHELI,2026,0.0
RE1,LNDWHELI,2027,0.0
RE1,LNDWHELI,2028,0.0319
RE1,LNDWHELI,2029,0.2047
RE1,LNDWHELI,2030,0.4151
RE1,LNDWHELI,2031,0.6101
RE1,LNDWHELI,2032,0.9025
RE1,LNDWHELI,2033,1.3414
RE1,LNDWHELI,2034,1.7436
RE1,LNDWHELI,2035,1.7376
RE1,LNDWHELI,2036,3.548
RE1,LNDWHELI,2037,3.1876
RE1,LNDWHELI,2038,2.9637
RE1,LNDWHELI,2039,3.3463
RE1,LNDWHELI,2040,2.6674
RE1,LNDWHELI,2041,2.7185
RE1,LNDWHELI,2042,2.6251
RE1,LNDWHELI,2043,2.6137
RE1,LNDWHELI,2044,3.446
RE1,LNDWHELI,2045,3.111
RE1,LNDWHELI,2046,2.9446
RE1,LNDWHELI,2047,2.8572
RE1,LNDWHELI,2048,2.8058
RE1,LNDWHELI,2049,2.9285
RE1,LNDWHELI,2050,2.9418
RE1,LNDSORHR,2020,0.0
RE1,LNDSORHR,2021,0.1046
RE1,LNDSORHR,2022,0.1004
RE1,LNDSORHR,2023,0.0964
RE1,LNDSORHR,2024,0.1226
RE1,LNDSORHR,2025,0.1154
RE1,LNDSORHR,2026,0.1217
RE1,LNDSORHR,2027,0.1136
RE1,LNDSORHR,2028,0.1171
RE1,LNDSORHR,2029,0.1184
RE1,LNDSORHR,2030,0.1176
RE1,LNDSORHR,2031,0.1149
RE1,LNDSORHR,2032,0.1107
RE1,LNDSORHR,2033,0.1051
RE1,LNDSORHR,2034,0.1091
RE1,LNDSORHR,2035,0.1072
RE1,LNDSORHR,2036,0.2294
RE1,LNDSORHR,2037,0.2184
RE1,LNDSORHR,2038,0.1903
RE1,LNDSORHR,2039,0.2166
RE1,LNDSORHR,2040,0.1365
RE1,LNDSORHR,2041,0.143
RE1,LNDSORHR,2042,0.1351
RE1,LNDSORHR,2043,0.1388
RE1,LNDSORHR,2044,0.1403
RE1,LNDSORHR,2045,0.1397
RE1,LNDSORHR,2046,0.1373
RE1,LNDSORHR,2047,0.1332
RE1,LNDSORHR,2048,0.1279
RE1,LNDSORHR,2049,0.1321
RE1,LNDSORHR,2050,0.1304
RE1,LNDSORLR,2020,0.0
RE1,LNDSORLR,2021,0.0834
RE1,LNDSORLR,2022,1.2818
RE1,LNDSORLR,2023,1.2588
RE1,LNDSORLR,2024,1.507
RE1,LNDSORLR,2025,1.493
RE1,LNDSORLR,2026,1.5342
RE1,LNDSORLR,2027,1.4177
RE1,LNDSORLR,2028,1.3345
RE1,LNDSORLR,2029,1.3366
RE1,LNDSORLR,2030,1.0619
RE1,LNDSORLR,2031,0.791
RE1,LNDSORLR,2032,0.3756
RE1,LNDSORLR,2033,0.0
RE1,LNDSORLR,2034,0.0
RE1,LNDSORLR,2035,0.0
RE1,LNDSORLR,2036,0.0
RE1,LNDSORLR,2037,0.0
RE1,LNDSORLR,2038,0.0
RE1,LNDSORLR,2039,0.0
RE1,LNDSORLR,2040,0.0
RE1,LNDSORLR,2041,0.0
RE1,LNDSORLR,2042,0.0
RE1,LNDSORLR,2043,0.0
RE1,LNDSORLR,2044,0.0
RE1,LNDSORLR,2045,0.0
RE1,LNDSORLR,2046,0.0
RE1,LNDSORLR,2047,0.0
RE1,LNDSORLR,2048,0.0
RE1,LNDSORLR,2049,0.0
RE1,LNDSORLR,2050,0.0
RE1,LNDSORHI,2020,0.0
RE1,LNDSORHI,2021,0.0366
RE1,LNDSORHI,2022,0.0
RE1,LNDSORHI,2023,0.0
RE1,LNDSORHI,2024,0.0
RE1,LNDSORHI,2025,0.0
RE1,LNDSORHI,2026,0.0
RE1,LNDSORHI,2027,0.0
RE1,LNDSORHI,2028,0.0
RE1,LNDSORHI,2029,0.0
RE1,LNDSORHI,2030,0.0
RE1,LNDSORHI,2031,0.0
RE1,LNDSORHI,2032,0.0
RE1,LNDSORHI,2033,0.0
RE1,LNDSORHI,2034,0.0026
RE1,LNDSORHI,2035,0.0028
RE1,LNDSORHI,2036,0.0399
RE1,LNDSORHI,2037,0.0071
RE1,LNDSORHI,2038,0.0005
RE1,LNDSORHI,2039,0.0005
RE1,LNDSORHI,2040,0.0005
RE1,LNDSORHI,2041,0.0005
RE1,LNDSORHI,2042,0.0005
RE1,LNDSORHI,2043,0.0006
RE1,LNDSORHI,2044,0.0006
RE1,LNDSORHI,2045,0.0006
RE1,LNDSORHI,2046,0.0006
RE1,LNDSORHI,2047,0.0006
RE1,LNDSORHI,2048,0.0006
RE1,LNDSORHI,2049,0.0032
RE1,LNDSORHI,2050,0.0034
RE1,LNDSORLI,2020,0.0
RE1,LNDSORLI,2021,0.3296
RE1,LNDSORLI,2022,0.0
RE1,LNDSORLI,2023,0.0
RE1,LNDSORLI,2024,0.0
RE1,LNDSORLI,2025,0.0
RE1,LNDSORLI,2026,0.0
RE1,LNDSORLI,2027,0.0
RE1,LNDSORLI,2028,0.0319
RE1,LNDSORLI,2029,0.2047
RE1,LNDSORLI,2030,0.4151
RE1,LNDSORLI,2031,0.6101
RE1,LNDSORLI,2032,0.9025
RE1,LNDSORLI,2033,1.1564
RE1,LNDSORLI,2034,1.2163
RE1,LNDSORLI,2035,1.214
RE1,LNDSORLI,2036,1.7403
RE1,LNDSORLI,2037,2.2721
RE1,LNDSORLI,2038,2.0985
RE1,LNDSORLI,2039,2.3373
RE1,LNDSORLI,2040,1.8253
RE1,LNDSORLI,2041,1.8665
RE1,LNDSORLI,2042,1.7908
RE1,LNDSORLI,2043,1.7731
RE1,LNDSORLI,2044,2.1436
RE1,LNDSORLI,2045,2.0537
RE1,LNDSORLI,2046,2.0086
RE1,LNDSORLI,2047,1.9818
RE1,LNDSORLI,2048,1.9612
RE1,LNDSORLI,2049,2.0353
RE1,LNDSORLI,2050,2.0512
RE1,LNDBRLHR,2020,0.0
RE1,LNDBRLHR,2021,0.0524
RE1,LNDBRLHR,2022,0.0503
RE1,LNDBRLHR,2023,0.0483
RE1,LNDBRLHR,2024,0.0614
RE1,LNDBRLHR,2025,0.0579
RE1,LNDBRLHR,2026,0.061
RE1,LNDBRLHR,2027,0.057
RE1,LNDBRLHR,2028,0.0587
RE1,LNDBRLHR,2029,0.0594
RE1,LNDBRLHR,2030,0.059
RE1,LNDBRLHR,2031,0.0576
RE1,LNDBRLHR,2032,0.0555
RE1,LNDBRLHR,2033,0.0527
RE1,LNDBRLHR,2034,0.0547
RE1,LNDBRLHR,2035,0.0537
RE1,LNDBRLHR,2036,0.115
RE1,LNDBRLHR,2037,0.1095
RE1,LNDBRLHR,2038,0.0954
RE1,LNDBRLHR,2039,0.1086
RE1,LNDBRLHR,2040,0.0684
RE1,LNDBRLHR,2041,0.0717
RE1,LNDBRLHR,2042,0.0677
RE1,LNDBRLHR,2043,0.0696
RE1,LNDBRLHR,2044,0.0703
RE1,LNDBRLHR,2045,0.07
RE1,LNDBRLHR,2046,0.0688
RE1,LNDBRLHR,2047,0.0668
RE1,LNDBRLHR,2048,0.0641
RE1,LNDBRLHR,2049,0.0662
RE1,LNDBRLHR,2050,0.0654
RE1,LNDBRLLR,2020,0.0
RE1,LNDBRLLR,2021,0.0
RE1,LNDBRLLR,2022,0.635
RE1,LNDBRLLR,2023,0.623
RE1,LNDBRLLR,2024,0.747
RE1,LNDBRLLR,2025,0.7349
RE1,LNDBRLLR,2026,0.7586
RE1,LNDBRLLR,2027,0.7061
RE1,LNDBRLLR,2028,0.6776
RE1,LNDBRLLR,2029,0.6886
RE1,LNDBRLLR,2030,0.5799
RE1,LNDBRLLR,2031,0.471
RE1,LNDBRLLR,2032,0.3034
RE1,LNDBRLLR,2033,0.0526
RE1,LNDBRLLR,2034,0.0
RE1,LNDBRLLR,2035,0.0
RE1,LNDBRLLR,2036,0.0
RE1,LNDBRLLR,2037,0.0
RE1,LNDBRLLR,2038,0.0
RE1,LNDBRLLR,2039,0.0
RE1,LNDBRLLR,2040,0.0
RE1,LNDBRLLR,2041,0.0
RE1,LNDBRLLR,2042,0.0
RE1,LNDBRLLR,2043,0.0
RE1,LNDBRLLR,2044,0.0
RE1,LNDBRLLR,2045,0.0
RE1,LNDBRLLR,2046,0.0
RE1,LNDBRLLR,2047,0.0
RE1,LNDBRLLR,2048,0.0
RE1,LNDBRLLR,2049,0.0
RE1,LNDBRLLR,2050,0.0
RE1,LNDBRLHI,2020,0.0
RE1,LNDBRLHI,2021,0.0183
RE1,LNDBRLHI,2022,0.0
RE1,LNDBRLHI,2023,0.0
RE1,LNDBRLHI,2024,0.0
RE1,LNDBRLHI,2025,0.0
RE1,LNDBRLHI,2026,0.0
RE1,LNDBRLHI,2027,0.0
RE1,LNDBRLHI,2028,0.0
RE1,LNDBRLHI,2029,0.0
RE1,LNDBRLHI,2030,0.0
RE1,LNDBRLHI,2031,0.0
RE1,LNDBRLHI,2032,0.0
RE1,LNDBRLHI,2033,0.0
RE1,LNDBRLHI,2034,0.0007
RE1,LNDBRLHI,2035,0.0014
RE1,LNDBRLHI,2036,0.0232
RE1,LNDBRLHI,2037,0.0003
RE1,LNDBRLHI,2038,0.0003
RE1,LNDBRLHI,2039,0.0003
RE1,LNDBRLHI,2040,0.0003
RE1,LNDBRLHI,2041,0.0003
RE1,LNDBRLHI,2042,0.0003
RE1,LNDBRLHI,2043,0.0003
RE1,LNDBRLHI,2044,0.0003
RE1,LNDBRLHI,2045,0.0003
RE1,LNDBRLHI,2046,0.0003
RE1,LNDBRLHI,2047,0.0003
RE1,LNDBRLHI,2048,0.0003
RE1,LNDBRLHI,2049,0.001
RE1,LNDBRLHI,2050,0.0017
RE1,LNDBRLLI,2020,0.0
RE1,LNDBRLLI,2021,0.1648
RE1,LNDBRLLI,2022,0.0
RE1,LNDBRLLI,2023,0.0
RE1,LNDBRLLI,2024,0.0
RE1,LNDBRLLI,2025,0.0
RE1,LNDBRLLI,2026,0.0
RE1,LNDBRLLI,2027,0.0
RE1,LNDBRLLI,2028,0.0167
RE1,LNDBRLLI,2029,0.1025
RE1,LNDBRLLI,2030,0.208
RE1,LNDBRLLI,2031,0.3057
RE1,LNDBRLLI,2032,0.4523
RE1,LNDBRLLI,2033,0.6722
RE1,LNDBRLLI,2034,0.763
RE1,LNDBRLLI,2035,0.7606
RE1,LNDBRLLI,2036,1.0091
RE1,LNDBRLLI,2037,1.4228
RE1,LNDBRLLI,2038,1.312
RE1,LNDBRLLI,2039,1.4694
RE1,LNDBRLLI,2040,1.1399
RE1,LNDBRLLI,2041,1.167
RE1,LNDBRLLI,2042,1.1226
RE1,LNDBRLLI,2043,1.1185
RE1,LNDBRLLI,2044,1.3722
RE1,LNDBRLLI,2045,1.2922
RE1,LNDBRLLI,2046,1.2514
RE1,LNDBRLLI,2047,1.2277
RE1,LNDBRLLI,2048,1.2106
RE1,LNDBRLLI,2049,1.2584
RE1,LNDBRLLI,2050,1.266
RE1,LNDCOFHR,2020,0.0
RE1,LNDCOFHR,2021,0.0
RE1,LNDCOFHR,2022,0.0
RE1,LNDCOFHR,2023,0.0445
RE1,LNDCOFHR,2024,0.0568
RE1,LNDCOFHR,2025,0.0535
RE1,LNDCOFHR,2026,0.0564
RE1,LNDCOFHR,2027,0.0526
RE1,LNDCOFHR,2028,0.0542
RE1,LNDCOFHR,2029,0.0548
RE1,LNDCOFHR,2030,0.0545
RE1,LNDCOFHR,2031,0.0532
RE1,LNDCOFHR,2032,0.0512
RE1,LNDCOFHR,2033,0.0485
RE1,LNDCOFHR,2034,0.0504
RE1,LNDCOFHR,2035,0.0495
RE1,LNDCOFHR,2036,0.0578
RE1,LNDCOFHR,2037,0.0546
RE1,LNDCOFHR,2038,0.0877
RE1,LNDCOFHR,2039,0.1001
RE1,LNDCOFHR,2040,0.0623
RE1,LNDCOFHR,2041,0.0653
RE1,LNDCOFHR,2042,0.0616
RE1,LNDCOFHR,2043,0.0633
RE1,LNDCOFHR,2044,0.064
RE1,LNDCOFHR,2045,0.0637
RE1,LNDCOFHR,2046,0.0625
RE1,LNDCOFHR,2047,0.0606
RE1,LNDCOFHR,2048,0.058
RE1,LNDCOFHR,2049,0.06
RE1,LNDCOFHR,2050,0.0592
RE1,LNDCOFLR,2020,0.0
RE1,LNDCOFLR,2021,0.0
RE1,LNDCOFLR,2022,0.0
RE1,LNDCOFLR,2023,0.0
RE1,LNDCOFLR,2024,0.0
RE1,LNDCOFLR,2025,0.0
RE1,LNDCOFLR,2026,0.0
RE1,LNDCOFLR,2027,0.1583
RE1,LNDCOFLR,2028,0.4374
RE1,LNDCOFLR,2029,0.4042
RE1,LNDCOFLR,2030,0.1911
RE1,LNDCOFLR,2031,0.0
RE1,LNDCOFLR,2032,0.0
RE1,LNDCOFLR,2033,0.0
RE1,LNDCOFLR,2034,0.0
RE1,LNDCOFLR,2035,0.0
RE1,LNDCOFLR,2036,0.0
RE1,LNDCOFLR,2037,0.0
RE1,LNDCOFLR,2038,0.0
RE1,LNDCOFLR,2039,0.0
RE1,LNDCOFLR,2040,0.0
RE1,LNDCOFLR,2041,0.0
RE1,LNDCOFLR,2042,0.0
RE1,LNDCOFLR,2043,0.0
RE1,LNDCOFLR,2044,0.0
RE1,LNDCOFLR,2045,0.0
RE1,LNDCOFLR,2046,0.0
RE1,LNDCOFLR,2047,0.0
RE1,LNDCOFLR,2048,0.0
RE1,LNDCOFLR,2049,0.0
RE1,LNDCOFLR,2050,0.0
RE1,LNDCOFHI,2020,0.0
RE1,LNDCOFHI,2021,0.0257
RE1,LNDCOFHI,2022,0.0
RE1,LNDCOFHI,2023,0.0
RE1,LNDCOFHI,2024,0.0
RE1,LNDCOFHI,2025,0.0
RE1,LNDCOFHI,2026,0.0
RE1,LNDCOFHI,2027,0.0
RE1,LNDCOFHI,2028,0.0
RE1,LNDCOFHI,2029,0.0
RE1,LNDCOFHI,2030,0.0
RE1,LNDCOFHI,2031,0.0
RE1,LNDCOFHI,2032,0.0
RE1,LNDCOFHI,2033,0.0004
RE1,LNDCOFHI,2034,0.0021
RE1,LNDCOFHI,2035,0.0021
RE1,LNDCOFHI,2036,0.0282
RE1,LNDCOFHI,2037,0.0023
RE1,LNDCOFHI,2038,0.0018
RE1,LNDCOFHI,2039,0.0018
RE1,LNDCOFHI,2040,0.0004
RE1,LNDCOFHI,2041,0.0004
RE1,LNDCOFHI,2042,0.0004
RE1,LNDCOFHI,2043,0.0004
RE1,LNDCOFHI,2044,0.0004
RE1,LNDCOFHI,2045,0.0004
RE1,LNDCOFHI,2046,0.0004
RE1,LNDCOFHI,2047,0.0004
RE1,LNDCOFHI,2048,0.0008
RE1,LNDCOFHI,2049,0.0025
RE1,LNDCOFHI,2050,0.0025
RE1,LNDCOFLI,2020,0.0
RE1,LNDCOFLI,2021,0.2362
RE1,LNDCOFLI,2022,0.0
RE1,LNDCOFLI,2023,0.0
RE1,LNDCOFLI,2024,0.0
RE1,LNDCOFLI,2025,0.0
RE1,LNDCOFLI,2026,0.0
RE1,LNDCOFLI,2027,0.0
RE1,LNDCOFLI,2028,0.0289
RE1,LNDCOFLI,2029,0.1501
RE1,LNDCOFLI,2030,0.3044
RE1,LNDCOFLI,2031,0.4368
RE1,LNDCOFLI,2032,0.4257
RE1,LNDCOFLI,2033,0.4106
RE1,LNDCOFLI,2034,0.4265
RE1,LNDCOFLI,2035,0.4234
RE1,LNDCOFLI,2036,0.7201
RE1,LNDCOFLI,2037,0.4651
RE1,LNDCOFLI,2038,0.3898
RE1,LNDCOFLI,2039,0.3939
RE1,LNDCOFLI,2040,0.1601
RE1,LNDCOFLI,2041,0.1645
RE1,LNDCOFLI,2042,0.2836
RE1,LNDCOFLI,2043,0.5191
RE1,LNDCOFLI,2044,0.621
RE1,LNDCOFLI,2045,0.6258
RE1,LNDCOFLI,2046,0.6248
RE1,LNDCOFLI,2047,0.6188
RE1,LNDCOFLI,2048,0.6089
RE1,LNDCOFLI,2049,0.6301
RE1,LNDCOFLI,2050,0.6325
RE1,LNDOTCHR,2020,0.0
RE1,LNDOTCHR,2021,0.2557
RE1,LNDOTCHR,2022,0.2455
RE1,LNDOTCHR,2023,0.2358
RE1,LNDOTCHR,2024,0.2997
RE1,LNDOTCHR,2025,0.2822
RE1,LNDOTCHR,2026,0.2976
RE1,LNDOTCHR,2027,0.2779
RE1,LNDOTCHR,2028,0.2865
RE1,LNDOTCHR,2029,0.2896
RE1,LNDOTCHR,2030,0.2876
RE1,LNDOTCHR,2031,0.2811
RE1,LNDOTCHR,2032,0.2706
RE1,LNDOTCHR,2033,0.257
RE1,LNDOTCHR,2034,0.2668
RE1,LNDOTCHR,2035,0.2621
RE1,LNDOTCHR,2036,0.561
RE1,LNDOTCHR,2037,0.5342
RE1,LNDOTCHR,2038,0.4653
RE1,LNDOTCHR,2039,0.5297
RE1,LNDOTCHR,2040,0.3337
RE1,LNDOTCHR,2041,0.3496
RE1,LNDOTCHR,2042,0.3304
RE1,LNDOTCHR,2043,0.3395
RE1,LNDOTCHR,2044,0.3432
RE1,LNDOTCHR,2045,0.3417
RE1,LNDOTCHR,2046,0.3357
RE1,LNDOTCHR,2047,0.3258
RE1,LNDOTCHR,2048,0.3128
RE1,LNDOTCHR,2049,0.3231
RE1,LNDOTCHR,2050,0.319
RE1,LNDOTCLR,2020,38.3369
RE1,LNDOTCLR,2021,1.2309
RE1,LNDOTCLR,2022,1.2427
RE1,LNDOTCLR,2023,1.2772
RE1,LNDOTCLR,2024,1.3125
RE1,LNDOTCLR,2025,1.679
RE1,LNDOTCLR,2026,1.454
RE1,LNDOTCLR,2027,1.3197
RE1,LNDOTCLR,2028,1.2427
RE1,LNDOTCLR,2029,1.2696
RE1,LNDOTCLR,2030,0.9884
RE1,LNDOTCLR,2031,0.9698
RE1,LNDOTCLR,2032,0.9461
RE1,LNDOTCLR,2033,0.9168
RE1,LNDOTCLR,2034,0.8813
RE1,LNDOTCLR,2035,39.1757
RE1,LNDOTCLR,2036,2.0194
RE1,LNDOTCLR,2037,1.9722
RE1,LNDOTCLR,2038,1.9381
RE1,LNDOTCLR,2039,1.8942
RE1,LNDOTCLR,2040,2.1696
RE1,LNDOTCLR,2041,1.8405
RE1,LNDOTCLR,2042,1.5874
RE1,LNDOTCLR,2043,1.3756
RE1,LNDOTCLR,2044,1.2499
RE1,LNDOTCLR,2045,0.7963
RE1,LNDOTCLR,2046,0.5835
RE1,LNDOTCLR,2047,0.3416
RE1,LNDOTCLR,2048,0.0674
RE1,LNDOTCLR,2049,0.0
RE1,LNDOTCLR,2050,37.7692
RE1,LNDOTCHI,2020,0.0
RE1,LNDOTCHI,2021,0.4385
RE1,LNDOTCHI,2022,0.0
RE1,LNDOTCHI,2023,0.0
RE1,LNDOTCHI,2024,0.0
RE1,LNDOTCHI,2025,0.0
RE1,LNDOTCHI,2026,0.0
RE1,LNDOTCHI,2027,0.0
RE1,LNDOTCHI,2028,0.0
RE1,LNDOTCHI,2029,0.0
RE1,LNDOTCHI,2030,0.0
RE1,LNDOTCHI,2031,0.0
RE1,LNDOTCHI,2032,0.0
RE1,LNDOTCHI,2033,0.0
RE1,LNDOTCHI,2034,0.0278
RE1,LNDOTCHI,2035,0.0341
RE1,LNDOTCHI,2036,0.4782
RE1,LNDOTCHI,2037,0.0376
RE1,LNDOTCHI,2038,0.0298
RE1,LNDOTCHI,2039,0.0298
RE1,LNDOTCHI,2040,0.0064
RE1,LNDOTCHI,2041,0.0064
RE1,LNDOTCHI,2042,0.0065
RE1,LNDOTCHI,2043,0.0066
RE1,LNDOTCHI,2044,0.0066
RE1,LNDOTCHI,2045,0.0067
RE1,LNDOTCHI,2046,0.0068
RE1,LNDOTCHI,2047,0.0068
RE1,LNDOTCHI,2048,0.0069
RE1,LNDOTCHI,2049,0.0348
RE1,LNDOTCHI,2050,0.0411
RE1,LNDOTCLI,2020,0.0
RE1,LNDOTCLI,2021,3.9462
RE1,LNDOTCLI,2022,0.0
RE1,LNDOTCLI,2023,0.0
RE1,LNDOTCLI,2024,0.0
RE1,LNDOTCLI,2025,0.0
RE1,LNDOTCLI,2026,0.0
RE1,LNDOTCLI,2027,0.0
RE1,LNDOTCLI,2028,0.0
RE1,LNDOTCLI,2029,0.0
RE1,LNDOTCLI,2030,0.0469
RE1,LNDOTCLI,2031,0.907
RE1,LNDOTCLI,2032,0.957
RE1,LNDOTCLI,2033,1.0097
RE1,LNDOTCLI,2034,1.0969
RE1,LNDOTCLI,2035,1.1747
RE1,LNDOTCLI,2036,5.2636
RE1,LNDOTCLI,2037,1.3987
RE1,LNDOTCLI,2038,1.4397
RE1,LNDOTCLI,2039,1.5624
RE1,LNDOTCLI,2040,1.4857
RE1,LNDOTCLI,2041,1.6342
RE1,LNDOTCLI,2042,1.7976
RE1,LNDOTCLI,2043,1.9774
RE1,LNDOTCLI,2044,2.1751
RE1,LNDOTCLI,2045,2.4396
RE1,LNDOTCLI,2046,3.5389
RE1,LNDOTCLI,2047,3.8522
RE1,LNDOTCLI,2048,4.1943
RE1,LNDOTCLI,2049,4.3749
RE1,LNDOTCLI,2050,5.0056
RE1,LNDSGCHI,2020,0.0
RE1,LNDSGCHI,2021,0.0251
RE1,LNDSGCHI,2022,0.0
RE1,LNDSGCHI,2023,0.0
RE1,LNDSGCHI,2024,0.0
RE1,LNDSGCHI,2025,0.0
RE1,LNDSGCHI,2026,0.0
RE1,LNDSGCHI,2027,0.0
RE1,LNDSGCHI,2028,0.0
RE1,LNDSGCHI,2029,0.0
RE1,LNDSGCHI,2030,0.0
RE1,LNDSGCHI,2031,0.0
RE1,LNDSGCHI,2032,0.007
RE1,LNDSGCHI,2033,0.0099
RE1,LNDSGCHI,2034,0.0117
RE1,LNDSGCHI,2035,0.0137
RE1,LNDSGCHI,2036,0.0416
RE1,LNDSGCHI,2037,0.0193
RE1,LNDSGCHI,2038,0.0224
RE1,LNDSGCHI,2039,0.0266
RE1,LNDSGCHI,2040,0.0304
RE1,LNDSGCHI,2041,0.0365
RE1,LNDSGCHI,2042,0.0438
RE1,LNDSGCHI,2043,0.0526
RE1,LNDSGCHI,2044,0.0631
RE1,LNDSGCHI,2045,0.0757
RE1,LNDSGCHI,2046,0.0909
RE1,LNDSGCHI,2047,0.116
RE1,LNDSGCHI,2048,0.1408
RE1,LNDSGCHI,2049,0.1687
RE1,LNDSGCHI,2050,0.0811
RE1,LNDFOR,2020,0.0
RE1,LNDFOR,2021,0.0
RE1,LNDFOR,2022,1.1249
RE1,LNDFOR,2023,3.34
RE1,LNDFOR,2024,3.2466
RE1,LNDFOR,2025,9.6485
RE1,LNDFOR,2026,9.3325
RE1,LNDFOR,2027,8.7849
RE1,LNDFOR,2028,8.2638
RE1,LNDFOR,2029,7.749
RE1,LNDFOR,2030,7.9743
RE1,LNDFOR,2031,8.1435
RE1,LNDFOR,2032,8.3282
RE1,LNDFOR,2033,8.071
RE1,LNDFOR,2034,7.638
RE1,LNDFOR,2035,7.232
RE1,LNDFOR,2036,7.7227
RE1,LNDFOR,2037,8.7496
RE1,LNDFOR,2038,7.9712
RE1,LNDFOR,2039,7.784
RE1,LNDFOR,2040,6.3143
RE1,LNDFOR,2041,6.0585
RE1,LNDFOR,2042,5.5782
RE1,LNDFOR,2043,5.153
RE1,LNDFOR,2044,3.6839
RE1,LNDFOR,2045,3.4215
RE1,LNDFOR,2046,2.8387
RE1,LNDFOR,2047,2.0507
RE1,LNDFOR,2048,1.6143
RE1,LNDFOR,2049,1.3391
RE1,LNDFOR,2050,0.7969
RE1,LNDBLT,2020,3.3297
RE1,LNDBLT,2021,0.0
RE1,LNDBLT,2022,-0.0
RE1,LNDBLT,2023,0.0879
RE1,LNDBLT,2024,0.0902
RE1,LNDBLT,2025,0.0926
RE1,LNDBLT,2026,0.0951
RE1,LNDBLT,2027,0.1756
RE1,LNDBLT,2028,0.0221
RE1,LNDBLT,2029,0.1028
RE1,LNDBLT,2030,0.1055
RE1,LNDBLT,2031,0.1083
RE1,LNDBLT,2032,0.1111
RE1,LNDBLT,2033,0.1141
RE1,LNDBLT,2034,0.1171
RE1,LNDBLT,2035,0.1202
RE1,LNDBLT,2036,0.1233
RE1,LNDBLT,2037,0.1266
RE1,LNDBLT,2038,0.1299
RE1,LNDBLT,2039,0.1334
RE1,LNDBLT,2040,3.4666
RE1,LNDBLT,2041,0.1405
RE1,LNDBLT,2042,0.1442
RE1,LNDBLT,2043,0.2359
RE1,LNDBLT,2044,0.2422
RE1,LNDBLT,2045,0.2486
RE1,LNDBLT,2046,0.2551
RE1,LNDBLT,2047,0.3399
RE1,LNDBLT,2048,0.1907
RE1,LNDBLT,2049,0.2759
RE1,LNDBLT,2050,0.2831
RE1,LNDWAT,2020,14.2912
RE1,LNDWAT,2021,0.0
RE1,LNDWAT,2022,0.0
RE1,LNDWAT,2023,0.0
RE1,LNDWAT,2024,0.0
RE1,LNDWAT,2025,0.0
RE1,LNDWAT,2026,0.0
RE1,LNDWAT,2027,0.0
RE1,LNDWAT,2028,0.0
RE1,LNDWAT,2029,0.0
RE1,LNDWAT,2030,0.0
RE1,LNDWAT,2031,0.0
RE1,LNDWAT,2032,0.0
RE1,LNDWAT,2033,0.0
RE1,LNDWAT,2034,0.0
RE1,LNDWAT,2035,0.0
RE1,LNDWAT,2036,0.0
RE1,LNDWAT,2037,0.0
RE1,LNDWAT,2038,0.0
RE1,LNDWAT,2039,0.0
RE1,LNDWAT,2040,0.0
RE1,LNDWAT,2041,0.0
RE1,LNDWAT,2042,0.0
RE1,LNDWAT,2043,0.0
RE1,LNDWAT,2044,0.0
RE1,LNDWAT,2045,0.0
RE1,LNDWAT,2046,0.0
RE1,LNDWAT,2047,0.0
RE1,LNDWAT,2048,0.0
RE1,LNDWAT,2049,0.0
RE1,LNDWAT,2050,0.0
RE1,LNDOTH,2020,0.0
RE1,LNDOTH,2021,0.0
RE1,LNDOTH,2022,0.0
RE1,LNDOTH,2023,0.0
RE1,LNDOTH,2024,0.0
RE1,LNDOTH,2025,0.0
RE1,LNDOTH,2026,0.0
RE1,LNDOTH,2027,0.0
RE1,LNDOTH,2028,0.0
RE1,LNDOTH,2029,0.0
RE1,LNDOTH,2030,0.0
RE1,LNDOTH,2031,0.0
RE1,LNDOTH,2032,0.0
RE1,LNDOTH,2033,0.0
RE1,LNDOTH,2034,0.0
RE1,LNDOTH,2035,0.0
RE1,LNDOTH,2036,0.0
RE1,LNDOTH,2037,0.0
RE1,LNDOTH,2038,0.0
RE1,LNDOTH,2039,0.0
RE1,LNDOTH,2040,0.0
RE1,LNDOTH,2041,0.0
RE1,LNDOTH,2042,-0.0
RE1,LNDOTH,2043,0.0
RE1,LNDOTH,2044,0.0
RE1,LNDOTH,2045,0.0
RE1,LNDOTH,2046,0.0
RE1,LNDOTH,2047,0.0
RE1,LNDOTH,2048,0.0
RE1,LNDOTH,2049,0.0
RE1,LNDOTH,2050,0.0
RE1,DEMTRABIO,2020,0.1683
RE1,DEMTRABIO,2021,0.2018
RE1,DEMTRABIO,2022,0.2037
RE1,DEMTRABIO,2023,0.2188
RE1,DEMTRABIO,2024,0.2279
RE1,DEMTRABIO,2025,0.2443
RE1,DEMTRABIO,2026,0.2574
RE1,DEMTRABIO,2027,0.2741
RE1,DEMTRABIO,2028,0.2761
RE1,DEMTRABIO,2029,0.3049
RE1,DEMTRABIO,2030,0.312
RE1,DEMTRABIO,2031,0.3303
RE1,DEMTRABIO,2032,0.3492
RE1,DEMTRABIO,2033,0.3711
RE1,DEMTRABIO,2034,0.3944
RE1,DEMTRABIO,2035,0.4191
RE1,DEMTRABIO,2036,0.4454
RE1,DEMTRABIO,2037,0.4734
RE1,DEMTRABIO,2038,0.503
RE1,DEMTRABIO,2039,0.5346
RE1,DEMTRABIO,2040,0.5681
RE1,DEMTRABIO,2041,0.6037
RE1,DEMTRABIO,2042,0.6416
RE1,DEMTRABIO,2043,0.6818
RE1,DEMTRABIO,2044,0.7254
RE1,DEMTRABIO,2045,0.7812
RE1,DEMTRABIO,2046,0.8414
RE1,DEMTRABIO,2047,0.8871
RE1,DEMTRABIO,2048,0.9343
RE1,DEMTRABIO,2049,0.9828
RE1,DEMTRABIO,2050,1.0437
RE1,LNDSGCHR,2020,0.0512
RE1,LNDSGCHR,2021,0.0525
RE1,LNDSGCHR,2022,0.0535
RE1,LNDSGCHR,2023,0.0546
RE1,LNDSGCHR,2024,0.0633
RE1,LNDSGCHR,2025,0.1204
RE1,LNDSGCHR,2026,0.081
RE1,LNDSGCHR,2027,0.0686
RE1,LNDSGCHR,2028,0.072
RE1,LNDSGCHR,2029,0.075
RE1,LNDSGCHR,2030,0.0776
RE1,LNDSGCHR,2031,0.0694
RE1,LNDSGCHR,2032,0.0683
RE1,LNDSGCHR,2033,0.0663
RE1,LNDSGCHR,2034,0.0659
RE1,LNDSGCHR,2035,0.1143
RE1,LNDSGCHR,2036,0.1165
RE1,LNDSGCHR,2037,0.111
RE1,LNDSGCHR,2038,0.0996
RE1,LNDSGCHR,2039,0.0996
RE1,LNDSGCHR,2040,0.1275
RE1,LNDSGCHR,2041,0.0737
RE1,LNDSGCHR,2042,0.0429
RE1,LNDSGCHR,2043,0.0231
RE1,LNDSGCHR,2044,0.0
RE1,LNDSGCHR,2045,0.0
RE1,LNDSGCHR,2046,0.0
RE1,LNDSGCHR,2047,0.0
RE1,LNDSGCHR,2048,0.0
RE1,LNDSGCHR,2049,0.0
RE1,LNDSGCHR,2050,0.0
RE1,MINPRC,2020,1007.96
RE1,MINPRC,2021,0.0
RE1,MINPRC,2022,-0.0
RE1,MINPRC,2023,0.0
RE1,MINPRC,2024,-0.0
RE1,MINPRC,2025,0.0
RE1,MINPRC,2026,0.0
RE1,MINPRC,2027,0.0
RE1,MINPRC,2028,0.0
RE1,MINPRC,2029,0.0
RE1,MINPRC,2030,0.0
RE1,MINPRC,2031,0.0
RE1,MINPRC,2032,0.0
RE1,MINPRC,2033,0.0
RE1,MINPRC,2034,0.0
RE1,MINPRC,2035,0.0
RE1,MINPRC,2036,0.0
RE1,MINPRC,2037,0.0
RE1,MINPRC,2038,0.0
RE1,MINPRC,2039,0.0
RE1,MINPRC,2040,0.0
RE1,MINPRC,2041,0.0
RE1,MINPRC,2042,0.0
RE1,MINPRC,2043,0.0
RE1,MINPRC,2044,0.0
RE1,MINPRC,2045,0.0
RE1,MINPRC,2046,0.0
RE1,MINPRC,2047,0.0
RE1,MINPRC,2048,0.0
RE1,MINPRC,2049,0.0
RE1,MINPRC,2050,0.0
RE1,DEMAGRSURWAT,2020,1.7163
RE1,DEMAGRSURWAT,2021,1.2607
RE1,DEMAGRSURWAT,2022,0.0
RE1,DEMAGRSURWAT,2023,0.0
RE1,DEMAGRSURWAT,2024,0.0
RE1,DEMAGRSURWAT,2025,0.0
RE1,DEMAGRSURWAT,2026,0.0
RE1,DEMAGRSURWAT,2027,0.0
RE1,DEMAGRSURWAT,2028,0.0
RE1,DEMAGRSURWAT,2029,0.0
RE1,DEMAGRSURWAT,2030,0.0
RE1,DEMAGRSURWAT,2031,0.8794
RE1,DEMAGRSURWAT,2032,1.1719
RE1,DEMAGRSURWAT,2033,1.3883
RE1,DEMAGRSURWAT,2034,1.5166
RE1,DEMAGRSURWAT,2035,1.5333
RE1,DEMAGRSURWAT,2036,2.2559
RE1,DEMAGRSURWAT,2037,2.6766
RE1,DEMAGRSURWAT,2038,2.5044
RE1,DEMAGRSURWAT,2039,2.7726
RE1,DEMAGRSURWAT,2040,3.9394
RE1,DEMAGRSURWAT,2041,3.5597
RE1,DEMAGRSURWAT,2042,2.292
RE1,DEMAGRSURWAT,2043,2.3404
RE1,DEMAGRSURWAT,2044,2.5524
RE1,DEMAGRSURWAT,2045,2.2508
RE1,DEMAGRSURWAT,2046,2.0151
RE1,DEMAGRSURWAT,2047,1.7615
RE1,DEMAGRSURWAT,2048,1.6095
RE1,DEMAGRSURWAT,2049,1.6251
RE1,DEMAGRSURWAT,2050,1.6765
RE1,DEMAGRGWTWAT,2020,0.0
RE1,DEMAGRGWTWAT,2021,0.0
RE1,DEMAGRGWTWAT,2022,0.0
RE1,DEMAGRGWTWAT,2023,0.0
RE1,DEMAGRGWTWAT,2024,0.0
RE1,DEMAGRGWTWAT,2025,0.0
RE1,DEMAGRGWTWAT,2026,0.0
RE1,DEMAGRGWTWAT,2027,0.0
RE1,DEMAGRGWTWAT,2028,0.0
RE1,DEMAGRGWTWAT,2029,0.0
RE1,DEMAGRGWTWAT,2030,0.0
RE1,DEMAGRGWTWAT,2031,0.0
RE1,DEMAGRGWTWAT,2032,0.0
RE1,DEMAGRGWTWAT,2033,0.0
RE1,DEMAGRGWTWAT,2034,0.0
RE1,DEMAGRGWTWAT,2035,0.0
RE1,DEMAGRGWTWAT,2036,0.0
RE1,DEMAGRGWTWAT,2037,0.0
RE1,DEMAGRGWTWAT,2038,0.0
RE1,DEMAGRGWTWAT,2039,0.0
RE1,DEMAGRGWTWAT,2040,0.0
RE1,DEMAGRGWTWAT,2041,0.0
RE1,DEMAGRGWTWAT,2042,0.0
RE1,DEMAGRGWTWAT,2043,0.0
RE1,DEMAGRGWTWAT,2044,0.0
RE1,DEMAGRGWTWAT,2045,0.0
RE1,DEMAGRGWTWAT,2046,0.0
RE1,DEMAGRGWTWAT,2047,0.0
RE1,DEMAGRGWTWAT,2048,0.0
RE1,DEMAGRGWTWAT,2049,0.0
RE1,DEMAGRGWTWAT,2050,0.0
RE1,DEMPUBSURWAT,2020,1.477
RE1,DEMPUBSURWAT,2021,0.0
RE1,DEMPUBSURWAT,2022,0.0
RE1,DEMPUBSURWAT,2023,0.0778
RE1,DEMPUBSURWAT,2024,0.0404
RE1,DEMPUBSURWAT,2025,0.0415
RE1,DEMPUBSURWAT,2026,0.0426
RE1,DEMPUBSURWAT,2027,0.0437
RE1,DEMPUBSURWAT,2028,0.0448
RE1,DEMPUBSURWAT,2029,0.046
RE1,DEMPUBSURWAT,2030,0.0
RE1,DEMPUBSURWAT,2031,0.0955
RE1,DEMPUBSURWAT,2032,0.0496
RE1,DEMPUBSURWAT,2033,0.0509
RE1,DEMPUBSURWAT,2034,0.0523
RE1,DEMPUBSURWAT,2035,0.0536
RE1,DEMPUBSURWAT,2036,0.055
RE1,DEMPUBSURWAT,2037,0.0564
RE1,DEMPUBSURWAT,2038,0.0579
RE1,DEMPUBSURWAT,2039,0.0594
RE1,DEMPUBSURWAT,2040,1.538
RE1,DEMPUBSURWAT,2041,0.0625
RE1,DEMPUBSURWAT,2042,1.9519
RE1,DEMPUBSURWAT,2043,0.1927
RE1,DEMPUBSURWAT,2044,0.1583
RE1,DEMPUBSURWAT,2045,5.3537
RE1,DEMPUBSURWAT,2046,0.0
RE1,DEMPUBSURWAT,2047,0.6111
RE1,DEMPUBSURWAT,2048,0.0
RE1,DEMPUBSURWAT,2049,0.6433
RE1,DEMPUBSURWAT,2050,0.2871
RE1,DEMPUBGWTWAT,2020,0.0
RE1,DEMPUBGWTWAT,2021,0.0
RE1,DEMPUBGWTWAT,2022,0.0
RE1,DEMPUBGWTWAT,2023,0.0
RE1,DEMPUBGWTWAT,2024,0.0
RE1,DEMPUBGWTWAT,2025,0.0
RE1,DEMPUBGWTWAT,2026,0.0
RE1,DEMPUBGWTWAT,2027,0.0
RE1,DEMPUBGWTWAT,2028,0.0
RE1,DEMPUBGWTWAT,2029,0.0
RE1,DEMPUBGWTWAT,2030,0.0
RE1,DEMPUBGWTWAT,2031,0.0
RE1,DEMPUBGWTWAT,2032,0.0
RE1,DEMPUBGWTWAT,2033,0.0
RE1,DEMPUBGWTWAT,2034,0.0
RE1,DEMPUBGWTWAT,2035,0.0
RE1,DEMPUBGWTWAT,2036,0.0
RE1,DEMPUBGWTWAT,2037,0.0
RE1,DEMPUBGWTWAT,2038,0.0
RE1,DEMPUBGWTWAT,2039,0.0
RE1,DEMPUBGWTWAT,2040,0.0
RE1,DEMPUBGWTWAT,2041,0.0
RE1,DEMPUBGWTWAT,2042,0.0
RE1,DEMPUBGWTWAT,2043,0.0
RE1,DEMPUBGWTWAT,2044,0.0
RE1,DEMPUBGWTWAT,2045,0.0
RE1,DEMPUBGWTWAT,2046,0.0
RE1,DEMPUBGWTWAT,2047,0.0
RE1,DEMPUBGWTWAT,2048,0.0
RE1,DEMPUBGWTWAT,2049,0.0
RE1,DEMPUBGWTWAT,2050,0.0
RE1,IMPCER,2020,0.3707
RE1,IMPCER,2021,0.3744
RE1,IMPCER,2022,0.3707
RE1,IMPCER,2023,0.367
RE1,IMPCER,2024,0.3633
RE1,IMPCER,2025,0.3597
RE1,IMPCER,2026,0.3561
RE1,IMPCER,2027,0.3525
RE1,IMPCER,2028,0.349
RE1,IMPCER,2029,0.3385
RE1,IMPCER,2030,0.3284
RE1,IMPCER,2031,0.3185
RE1,IMPCER,2032,0.309
RE1,IMPCER,2033,0.2997
RE1,IMPCER,2034,0.2847
RE1,IMPCER,2035,0.2705
RE1,IMPCER,2036,0.257
RE1,IMPCER,2037,0.2441
RE1,IMPCER,2038,0.2319
RE1,IMPCER,2039,0.2087
RE1,IMPCER,2040,0.1878
RE1,IMPCER,2041,0.1691
RE1,IMPCER,2042,0.1522
RE1,IMPCER,2043,0.1369
RE1,IMPCER,2044,0.0685
RE1,IMPCER,2045,0.0342
RE1,IMPCER,2046,0.0171
RE1,IMPCER,2047,0.0086
RE1,IMPCER,2048,0.0043
RE1,IMPCER,2049,0.0021
RE1,IMPCER,2050,0.0011
RE1,IMPMAI,2020,0.084
RE1,IMPMAI,2021,0.0832
RE1,IMPMAI,2022,0.0823
RE1,IMPMAI,2023,0.0815
RE1,IMPMAI,2024,0.0807
RE1,IMPMAI,2025,0.0799
RE1,IMPMAI,2026,0.0791
RE1,IMPMAI,2027,0.0783
RE1,IMPMAI,2028,0.0775
RE1,IMPMAI,2029,0.0752
RE1,IMPMAI,2030,0.0729
RE1,IMPMAI,2031,0.0707
RE1,IMPMAI,2032,0.0686
RE1,IMPMAI,2033,0.0666
RE1,IMPMAI,2034,0.0632
RE1,IMPMAI,2035,0.0601
RE1,IMPMAI,2036,0.0571
RE1,IMPMAI,2037,0.0542
RE1,IMPMAI,2038,0.0515
RE1,IMPMAI,2039,0.0464
RE1,IMPMAI,2040,0.0417
RE1,IMPMAI,2041,0.0375
RE1,IMPMAI,2042,0.0338
RE1,IMPMAI,2043,0.0304
RE1,IMPMAI,2044,0.0152
RE1,IMPMAI,2045,0.0076
RE1,IMPMAI,2046,0.0038
RE1,IMPMAI,2047,0.0019
RE1,IMPMAI,2048,0.001
RE1,IMPMAI,2049,0.0005
RE1,IMPMAI,2050,0.0002
RE1,IMPWHE,2020,1.208
RE1,IMPWHE,2021,1.1959
RE1,IMPWHE,2022,1.184
RE1,IMPWHE,2023,1.1721
RE1,IMPWHE,2024,1.1604
RE1,IMPWHE,2025,1.1488
RE1,IMPWHE,2026,1.1373
RE1,IMPWHE,2027,1.1259
RE1,IMPWHE,2028,1.1147
RE1,IMPWHE,2029,1.0812
RE1,IMPWHE,2030,1.0488
RE1,IMPWHE,2031,1.0173
RE1,IMPWHE,2032,0.9868
RE1,IMPWHE,2033,0.9572
RE1,IMPWHE,2034,0.9093
RE1,IMPWHE,2035,0.8639
RE1,IMPWHE,2036,0.8207
RE1,IMPWHE,2037,0.7797
RE1,IMPWHE,2038,0.7407
RE1,IMPWHE,2039,0.6666
RE1,IMPWHE,2040,0.5999
RE1,IMPWHE,2041,0.5399
RE1,IMPWHE,2042,0.486
RE1,IMPWHE,2043,0.4374
RE1,IMPWHE,2044,0.2187
RE1,IMPWHE,2045,0.1093
RE1,IMPWHE,2046,0.0547
RE1,IMPWHE,2047,0.0273
RE1,IMPWHE,2048,0.0137
RE1,IMPWHE,2049,0.0068
RE1,IMPWHE,2050,0.0034
RE1,IMPSOR,2020,0.3968
RE1,IMPSOR,2021,0.4007
RE1,IMPSOR,2022,0.3967
RE1,IMPSOR,2023,0.3928
RE1,IMPSOR,2024,0.3888
RE1,IMPSOR,2025,0.385
RE1,IMPSOR,2026,0.3811
RE1,IMPSOR,2027,0.3773
RE1,IMPSOR,2028,0.3735
RE1,IMPSOR,2029,0.3623
RE1,IMPSOR,2030,0.3514
RE1,IMPSOR,2031,0.3409
RE1,IMPSOR,2032,0.3307
RE1,IMPSOR,2033,0.3208
RE1,IMPSOR,2034,0.3047
RE1,IMPSOR,2035,0.2895
RE1,IMPSOR,2036,0.275
RE1,IMPSOR,2037,0.2613
RE1,IMPSOR,2038,0.2482
RE1,IMPSOR,2039,0.2234
RE1,IMPSOR,2040,0.201
RE1,IMPSOR,2041,0.1809
RE1,IMPSOR,2042,0.1628
RE1,IMPSOR,2043,0.1466
RE1,IMPSOR,2044,0.0733
RE1,IMPSOR,2045,0.0366
RE1,IMPSOR,2046,0.0183
RE1,IMPSOR,2047,0.0092
RE1,IMPSOR,2048,0.0046
RE1,IMPSOR,2049,0.0023
RE1,IMPSOR,2050,0.0011
RE1,IMPBRL,2020,0.2526
RE1,IMPBRL,2021,0.2551
RE1,IMPBRL,2022,0.2526
RE1,IMPBRL,2023,0.25
RE1,IMPBRL,2024,0.2475
RE1,IMPBRL,2025,0.2451
RE1,IMPBRL,2026,0.2426
RE1,IMPBRL,2027,0.2402
RE1,IMPBRL,2028,0.2378
RE1,IMPBRL,2029,0.2306
RE1,IMPBRL,2030,0.2237
RE1,IMPBRL,2031,0.217
RE1,IMPBRL,2032,0.2105
RE1,IMPBRL,2033,0.2042
RE1,IMPBRL,2034,0.194
RE1,IMPBRL,2035,0.1843
RE1,IMPBRL,2036,0.1751
RE1,IMPBRL,2037,0.1663
RE1,IMPBRL,2038,0.158
RE1,IMPBRL,2039,0.1422
RE1,IMPBRL,2040,0.128
RE1,IMPBRL,2041,0.1152
RE1,IMPBRL,2042,0.1037
RE1,IMPBRL,2043,0.0933
RE1,IMPBRL,2044,0.0466
RE1,IMPBRL,2045,0.0233
RE1,IMPBRL,2046,0.0117
RE1,IMPBRL,2047,0.0058
RE1,IMPBRL,2048,0.0029
RE1,IMPBRL,2049,0.0015
RE1,IMPBRL,2050,0.0007
RE1,IMPOTC,2020,-0.0
RE1,IMPOTC,2021,-0.0
RE1,IMPOTC,2022,-0.0
RE1,IMPOTC,2023,-0.0
RE1,IMPOTC,2024,-0.0
RE1,IMPOTC,2025,-0.0
RE1,IMPOTC,2026,-0.0
RE1,IMPOTC,2027,-0.0
RE1,IMPOTC,2028,-0.0
RE1,IMPOTC,2029,0.0
RE1,IMPOTC,2030,0.0
RE1,IMPOTC,2031,0.0
RE1,IMPOTC,2032,0.0
RE1,IMPOTC,2033,0.0
RE1,IMPOTC,2034,0.0
RE1,IMPOTC,2035,0.0
RE1,IMPOTC,2036,0.0
RE1,IMPOTC,2037,0.0
RE1,IMPOTC,2038,0.0
RE1,IMPOTC,2039,0.0
RE1,IMPOTC,2040,0.0
RE1,IMPOTC,2041,0.0
RE1,IMPOTC,2042,0.0
RE1,IMPOTC,2043,0.0
RE1,IMPOTC,2044,0.0
RE1,IMPOTC,2045,0.0
RE1,IMPOTC,2046,0.0
RE1,IMPOTC,2047,0.0
RE1,IMPOTC,2048,0.0
RE1,IMPOTC,2049,0.0
RE1,IMPOTC,2050,0.0
RE1,IMPSGC,2020,-0.0
RE1,IMPSGC,2021,-0.0
RE1,IMPSGC,2022,-0.0
RE1,IMPSGC,2023,-0.0
RE1,IMPSGC,2024,-0.0
RE1,IMPSGC,2025,0.0
RE1,IMPSGC,2026,0.0
RE1,IMPSGC,2027,0.0
RE1,IMPSGC,2028,0.0
RE1,IMPSGC,2029,-0.0
RE1,IMPSGC,2030,-0.0
RE1,IMPSGC,2031,0.0
RE1,IMPSGC,2032,0.0
RE1,IMPSGC,2033,-0.0
RE1,IMPSGC,2034,0.0
RE1,IMPSGC,2035,0.0
RE1,IMPSGC,2036,0.0
RE1,IMPSGC,2037,0.0
RE1,IMPSGC,2038,0.0
RE1,IMPSGC,2039,0.0
RE1,IMPSGC,2040,0.0
RE1,IMPSGC,2041,0.0
RE1,IMPSGC,2042,0.0
RE1,IMPSGC,2043,0.0
RE1,IMPSGC,2044,0.0
RE1,IMPSGC,2045,0.0
RE1,IMPSGC,2046,0.0
RE1,IMPSGC,2047,0.0
RE1,IMPSGC,2048,0.0
RE1,IMPSGC,2049,0.0
RE1,IMPSGC,2050,0.0
RE1,DEMPWRGWTWAT,2020,0.0
RE1,DEMPWRGWTWAT,2021,0.0
RE1,DEMPWRGWTWAT,2022,0.0
RE1,DEMPWRGWTWAT,2023,0.0
RE1,DEMPWRGWTWAT,2024,0.0
RE1,DEMPWRGWTWAT,2025,0.0
RE1,DEMPWRGWTWAT,2026,0.0
RE1,DEMPWRGWTWAT,2027,0.0
RE1,DEMPWRGWTWAT,2028,0.0
RE1,DEMPWRGWTWAT,2029,0.0
RE1,DEMPWRGWTWAT,2030,0.0
RE1,DEMPWRGWTWAT,2031,0.0
RE1,DEMPWRGWTWAT,2032,0.0
RE1,DEMPWRGWTWAT,2033,0.0
RE1,DEMPWRGWTWAT,2034,0.0
RE1,DEMPWRGWTWAT,2035,0.0
RE1,DEMPWRGWTWAT,2036,0.0
RE1,DEMPWRGWTWAT,2037,0.0
RE1,DEMPWRGWTWAT,2038,0.0
RE1,DEMPWRGWTWAT,2039,0.0
RE1,DEMPWRGWTWAT,2040,0.0
RE1,DEMPWRGWTWAT,2041,0.0
RE1,DEMPWRGWTWAT,2042,0.0
RE1,DEMPWRGWTWAT,2043,0.0
RE1,DEMPWRGWTWAT,2044,0.0
RE1,DEMPWRGWTWAT,2045,0.0
RE1,DEMPWRGWTWAT,2046,0.0
RE1,DEMPWRGWTWAT,2047,0.0
RE1,DEMPWRGWTWAT,2048,0.0
RE1,DEMPWRGWTWAT,2049,0.0
RE1,DEMPWRGWTWAT,2050,0.0
RE1,DEMPWRSURWAT,2020,0.7381
RE1,DEMPWRSURWAT,2021,0.0
RE1,DEMPWRSURWAT,2022,7.8104
RE1,DEMPWRSURWAT,2023,0.932
RE1,DEMPWRSURWAT,2024,0.3977
RE1,DEMPWRSURWAT,2025,0.4176
RE1,DEMPWRSURWAT,2026,0.4385
RE1,DEMPWRSURWAT,2027,1.8416
RE1,DEMPWRSURWAT,2028,2.2099
RE1,DEMPWRSURWAT,2029,2.6519
RE1,DEMPWRSURWAT,2030,1.9693
RE1,DEMPWRSURWAT,2031,2.6064
RE1,DEMPWRSURWAT,2032,2.4611
RE1,DEMPWRSURWAT,2033,2.7725
RE1,DEMPWRSURWAT,2034,3.0146
RE1,DEMPWRSURWAT,2035,3.3687
RE1,DEMPWRSURWAT,2036,3.7535
RE1,DEMPWRSURWAT,2037,4.1136
RE1,DEMPWRSURWAT,2038,4.6843
RE1,DEMPWRSURWAT,2039,5.0549
RE1,DEMPWRSURWAT,2040,0.1362
RE1,DEMPWRSURWAT,2041,4.277
RE1,DEMPWRSURWAT,2042,11.7146
RE1,DEMPWRSURWAT,2043,4.6481
RE1,DEMPWRSURWAT,2044,4.1345
RE1,DEMPWRSURWAT,2045,2.6193
RE1,DEMPWRSURWAT,2046,2.4857
RE1,DEMPWRSURWAT,2047,2.1446
RE1,DEMPWRSURWAT,2048,3.9848
RE1,DEMPWRSURWAT,2049,5.05
RE1,DEMPWRSURWAT,2050,2.7884
RE1,DEMAGRDSL,2020,8.348
RE1,DEMAGRDSL,2021,8.6777
RE1,DEMAGRDSL,2022,8.7392
RE1,DEMAGRDSL,2023,9.0433
RE1,DEMAGRDSL,2024,9.2266
RE1,DEMAGRDSL,2025,9.4503
RE1,DEMAGRDSL,2026,9.653
RE1,DEMAGRDSL,2027,9.8479
RE1,DEMAGRDSL,2028,9.9949
RE1,DEMAGRDSL,2029,10.2528
RE1,DEMAGRDSL,2030,10.4314
RE1,DEMAGRDSL,2031,10.6472
RE1,DEMAGRDSL,2032,10.8315
RE1,DEMAGRDSL,2033,11.0154
RE1,DEMAGRDSL,2034,11.2118
RE1,DEMAGRDSL,2035,11.4159
RE1,DEMAGRDSL,2036,11.5858
RE1,DEMAGRDSL,2037,11.6971
RE1,DEMAGRDSL,2038,11.8332
RE1,DEMAGRDSL,2039,11.9671
RE1,DEMAGRDSL,2040,12.1582
RE1,DEMAGRDSL,2041,12.3505
RE1,DEMAGRDSL,2042,12.5546
RE1,DEMAGRDSL,2043,12.7681
RE1,DEMAGRDSL,2044,13.0392
RE1,DEMAGRDSL,2045,13.316
RE1,DEMAGRDSL,2046,13.6096
RE1,DEMAGRDSL,2047,13.922
RE1,DEMAGRDSL,2048,14.2428
RE1,DEMAGRDSL,2049,14.5638
RE1,DEMAGRDSL,2050,14.9222
RE1,PWRBACKSTOP,2020,23.7654
RE1,PWRBACKSTOP,2021,24.8043
RE1,PWRBACKSTOP,2022,0.0
RE1,PWRBACKSTOP,2023,0.0
RE1,PWRBACKSTOP,2024,0.0
RE1,PWRBACKSTOP,2025,0.8762
RE1,PWRBACKSTOP,2026,5.4199
RE1,PWRBACKSTOP,2027,0.0
RE1,PWRBACKSTOP,2028,0.0
RE1,PWRBACKSTOP,2029,0.0
RE1,PWRBACKSTOP,2030,0.0
RE1,PWRBACKSTOP,2031,0.0
RE1,PWRBACKSTOP,2032,0.0
RE1,PWRBACKSTOP,2033,0.0
RE1,PWRBACKSTOP,2034,0.0
RE1,PWRBACKSTOP,2035,0.0
RE1,PWRBACKSTOP,2036,0.0
RE1,PWRBACKSTOP,2037,0.0
RE1,PWRBACKSTOP,2038,0.0
RE1,PWRBACKSTOP,2039,0.0
RE1,PWRBACKSTOP,2040,0.0
RE1,PWRBACKSTOP,2041,0.0
RE1,PWRBACKSTOP,2042,0.0
RE1,PWRBACKSTOP,2043,0.0
RE1,PWRBACKSTOP,2044,0.0
RE1,PWRBACKSTOP,2045,0.0
RE1,PWRBACKSTOP,2046,0.0
RE1,PWRBACKSTOP,2047,0.0
RE1,PWRBACKSTOP,2048,0.0
RE1,PWRBACKSTOP,2049,0.0
RE1,PWRBACKSTOP,2050,0.0
RE1,LNDGRS,2020,0.0
RE1,LNDGRS,2021,8.6648
RE1,LNDGRS,2022,0.0845
RE1,LNDGRS,2023,0.0854
RE1,LNDGRS,2024,0.0863
RE1,LNDGRS,2025,0.0
RE1,LNDGRS,2026,0.0
RE1,LNDGRS,2027,0.0
RE1,LNDGRS,2028,0.0
RE1,LNDGRS,2029,0.0
RE1,LNDGRS,2030,0.0
RE1,LNDGRS,2031,0.0
RE1,LNDGRS,2032,0.0
RE1,LNDGRS,2033,0.0
RE1,LNDGRS,2034,0.0
RE1,LNDGRS,2035,0.0
RE1,LNDGRS,2036,0.0
RE1,LNDGRS,2037,0.0
RE1,LNDGRS,2038,0.0
RE1,LNDGRS,2039,0.0
RE1,LNDGRS,2040,0.0
RE1,LNDGRS,2041,0.0
RE1,LNDGRS,2042,0.0
RE1,LNDGRS,2043,0.0
RE1,LNDGRS,2044,0.0
RE1,LNDGRS,2045,0.0
RE1,LNDGRS,2046,0.0
RE1,LNDGRS,2047,0.0
RE1,LNDGRS,2048,0.0
RE1,LNDGRS,2049,0.0
RE1,LNDGRS,2050,0.0
