REGION,FUEL,TECHNOLOGY,YEAR,MODE_OF_OPERATION,TIMESLICE,VALUE
RE1,ELC002,DEMAGRGWTWAT,2026,1,SD,0.0189
RE1,ELC002,DEMAGRGWTWAT,2027,1,SD,0.0562
RE1,ELC002,DEMAGRGWTWAT,2028,1,SD,0.0835
RE1,ELC002,DEMAGRGWTWAT,2029,1,SD,0.0726
RE1,ELC002,DEMAGRGWTWAT,2030,1,SD,0.0617
RE1,ELC002,DEMAGRGWTWAT,2031,1,SD,0.0472
RE1,ELC002,DEMAGRGWTWAT,2032,1,SD,0.0363
RE1,ELC002,DEMAGRGWTWAT,2033,1,SD,0.0254
RE1,ELC002,DEMAGRGWTWAT,2034,1,SD,0.0109
RE1,ELC002,DEMAGRSURWAT,2020,1,SD,0.1406
RE1,ELC002,DEMAGRSURWAT,2021,1,SD,0.1477
RE1,ELC002,DEMAGRSURWAT,2022,1,SD,0.155
RE1,ELC002,DEMAGRSURWAT,2023,1,SD,0.1628
RE1,ELC002,DEMAGRSURWAT,2024,1,SD,0.1709
RE1,ELC002,DEMAGRSURWAT,2025,1,SD,0.1795
RE1,ELC002,DEMAGRSURWAT,2026,1,SD,0.1734
RE1,ELC002,DEMAGRSURWAT,2027,1,SD,0.1531
RE1,ELC002,DEMAGRSURWAT,2028,1,SD,0.1413
RE1,ELC002,DEMAGRSURWAT,2029,1,SD,0.1603
RE1,ELC002,DEMAGRSURWAT,2030,1,SD,0.1799
RE1,ELC002,DEMAGRSURWAT,2031,1,SD,0.2029
RE1,ELC002,DEMAGRSURWAT,2032,1,SD,0.2236
RE1,ELC002,DEMAGRSURWAT,2033,1,SD,0.2449
RE1,ELC002,DEMAGRSURWAT,2034,1,SD,0.2697
RE1,ELC002,DEMAGRSURWAT,2035,1,SD,0.2923
RE1,WTRSUR,DEMAGRSURWAT,2020,1,SD,0.1635
RE1,WTRSUR,DEMAGRSURWAT,2021,1,SD,0.1717
RE1,WTRSUR,DEMAGRSURWAT,2022,1,SD,0.1803
RE1,WTRSUR,DEMAGRSURWAT,2023,1,SD,0.1893
RE1,WTRSUR,DEMAGRSURWAT,2024,1,SD,0.1987
RE1,WTRSUR,DEMAGRSURWAT,2025,1,SD,0.2087
RE1,WTRSUR,DEMAGRSURWAT,2026,1,SD,0.2016
RE1,WTRSUR,DEMAGRSURWAT,2027,1,SD,0.1781
RE1,WTRSUR,DEMAGRSURWAT,2028,1,SD,0.1643
RE1,WTRSUR,DEMAGRSURWAT,2029,1,SD,0.1864
RE1,WTRSUR,DEMAGRSURWAT,2030,1,SD,0.2092
RE1,WTRSUR,DEMAGRSURWAT,2031,1,SD,0.236
RE1,WTRSUR,DEMAGRSURWAT,2032,1,SD,0.26
RE1,WTRSUR,DEMAGRSURWAT,2033,1,SD,0.2848
RE1,WTRSUR,DEMAGRSURWAT,2034,1,SD,0.3137
RE1,WTRSUR,DEMAGRSURWAT,2035,1,SD,0.3399
RE1,ELC002,DEMPUBGWTWAT,2020,1,SD,1.0137
RE1,ELC002,DEMPUBGWTWAT,2021,1,SD,0.925
RE1,ELC002,DEMPUBGWTWAT,2022,1,SD,0.8421
RE1,ELC002,DEMPUBGWTWAT,2023,1,SD,0.7448
RE1,ELC002,DEMPUBGWTWAT,2024,1,SD,0.661
RE1,ELC002,DEMPUBGWTWAT,2025,1,SD,0.5625
RE1,ELC002,DEMPUBGWTWAT,2026,1,SD,0.4777
RE1,ELC002,DEMPUBGWTWAT,2027,1,SD,0.3782
RE1,ELC002,DEMPUBGWTWAT,2028,1,SD,0.2922
RE1,ELC002,DEMPUBGWTWAT,2029,1,SD,0.1914
RE1,ELC002,DEMPUBGWTWAT,2030,1,SD,0.104
RE1,ELC002,DEMPUBGWTWAT,2031,1,SD,0.0018
RE1,ELC002,DEMPUBSURWAT,2020,1,SD,0.8717
RE1,ELC002,DEMPUBSURWAT,2021,1,SD,1.0402
RE1,ELC002,DEMPUBSURWAT,2022,1,SD,1.2109
RE1,ELC002,DEMPUBSURWAT,2023,1,SD,1.3946
RE1,ELC002,DEMPUBSURWAT,2024,1,SD,1.5737
RE1,ELC002,DEMPUBSURWAT,2025,1,SD,1.769
RE1,ELC002,DEMPUBSURWAT,2026,1,SD,1.9599
RE1,ELC002,DEMPUBSURWAT,2027,1,SD,2.1652
RE1,ELC002,DEMPUBSURWAT,2028,1,SD,2.3693
RE1,ELC002,DEMPUBSURWAT,2029,1,SD,2.588
RE1,ELC002,DEMPUBSURWAT,2030,1,SD,2.8055
RE1,ELC002,DEMPUBSURWAT,2031,1,SD,3.0392
RE1,ELC002,DEMPUBSURWAT,2032,1,SD,3.2122
RE1,ELC002,DEMPUBSURWAT,2033,1,SD,3.3917
RE1,ELC002,DEMPUBSURWAT,2034,1,SD,3.5792
RE1,ELC002,DEMPUBSURWAT,2035,1,SD,3.7759
RE1,WTRSUR,DEMPUBSURWAT,2020,1,SD,0.3091
RE1,WTRSUR,DEMPUBSURWAT,2021,1,SD,0.3689
RE1,WTRSUR,DEMPUBSURWAT,2022,1,SD,0.4294
RE1,WTRSUR,DEMPUBSURWAT,2023,1,SD,0.4945
RE1,WTRSUR,DEMPUBSURWAT,2024,1,SD,0.5581
RE1,WTRSUR,DEMPUBSURWAT,2025,1,SD,0.6273
RE1,WTRSUR,DEMPUBSURWAT,2026,1,SD,0.695
RE1,WTRSUR,DEMPUBSURWAT,2027,1,SD,0.7678
RE1,WTRSUR,DEMPUBSURWAT,2028,1,SD,0.8402
RE1,WTRSUR,DEMPUBSURWAT,2029,1,SD,0.9177
RE1,WTRSUR,DEMPUBSURWAT,2030,1,SD,0.9949
RE1,WTRSUR,DEMPUBSURWAT,2031,1,SD,1.0777
RE1,WTRSUR,DEMPUBSURWAT,2032,1,SD,1.1391
RE1,WTRSUR,DEMPUBSURWAT,2033,1,SD,1.2027
RE1,WTRSUR,DEMPUBSURWAT,2034,1,SD,1.2692
RE1,WTRSUR,DEMPUBSURWAT,2035,1,SD,1.339
RE1,ELC002,DEMPWRSURWAT,2020,1,SD,0.1048
RE1,ELC002,DEMPWRSURWAT,2021,1,SD,0.1026
RE1,ELC002,DEMPWRSURWAT,2022,1,SD,0.097
RE1,ELC002,DEMPWRSURWAT,2023,1,SD,0.091
RE1,ELC002,DEMPWRSURWAT,2024,1,SD,0.0849
RE1,ELC002,DEMPWRSURWAT,2025,1,SD,0.0784
RE1,ELC002,DEMPWRSURWAT,2026,1,SD,0.0858
RE1,ELC002,DEMPWRSURWAT,2027,1,SD,0.0915
RE1,ELC002,DEMPWRSURWAT,2028,1,SD,0.0915
RE1,ELC002,DEMPWRSURWAT,2029,1,SD,0.0915
RE1,ELC002,DEMPWRSURWAT,2030,1,SD,0.0915
RE1,ELC002,DEMPWRSURWAT,2031,1,SD,0.0915
RE1,ELC002,DEMPWRSURWAT,2032,1,SD,0.0915
RE1,ELC002,DEMPWRSURWAT,2033,1,SD,0.0915
RE1,ELC002,DEMPWRSURWAT,2034,1,SD,0.0915
RE1,ELC002,DEMPWRSURWAT,2035,1,SD,0.0915
RE1,WTRSUR,DEMPWRSURWAT,2020,1,SD,0.0372
RE1,WTRSUR,DEMPWRSURWAT,2021,1,SD,0.0364
RE1,WTRSUR,DEMPWRSURWAT,2022,1,SD,0.0344
RE1,WTRSUR,DEMPWRSURWAT,2023,1,SD,0.0323
RE1,WTRSUR,DEMPWRSURWAT,2024,1,SD,0.0301
RE1,WTRSUR,DEMPWRSURWAT,2025,1,SD,0.0278
RE1,WTRSUR,DEMPWRSURWAT,2026,1,SD,0.0304
RE1,WTRSUR,DEMPWRSURWAT,2027,1,SD,0.0325
RE1,WTRSUR,DEMPWRSURWAT,2028,1,SD,0.0325
RE1,WTRSUR,DEMPWRSURWAT,2029,1,SD,0.0325
RE1,WTRSUR,DEMPWRSURWAT,2030,1,SD,0.0325
RE1,WTRSUR,DEMPWRSURWAT,2031,1,SD,0.0325
RE1,WTRSUR,DEMPWRSURWAT,2032,1,SD,0.0325
RE1,WTRSUR,DEMPWRSURWAT,2033,1,SD,0.0325
RE1,WTRSUR,DEMPWRSURWAT,2034,1,SD,0.0325
RE1,WTRSUR,DEMPWRSURWAT,2035,1,SD,0.0325
RE1,CRPMAI,DEMTRABIO,2020,1,SD,0.3981
RE1,CRPMAI,DEMTRABIO,2021,1,SD,0.4101
RE1,CRPMAI,DEMTRABIO,2022,1,SD,0.422
RE1,CRPMAI,DEMTRABIO,2023,1,SD,0.4339
RE1,CRPMAI,DEMTRABIO,2024,1,SD,0.4459
RE1,CRPMAI,DEMTRABIO,2025,1,SD,0.4618
RE1,CRPMAI,DEMTRABIO,2026,1,SD,0.4738
RE1,CRPMAI,DEMTRABIO,2027,1,SD,0.4857
RE1,CRPMAI,DEMTRABIO,2028,1,SD,0.5016
RE1,CRPMAI,DEMTRABIO,2029,1,SD,0.5175
RE1,CRPMAI,DEMTRABIO,2030,1,SD,0.5335
RE1,CRPMAI,DEMTRABIO,2031,1,SD,0.5494
RE1,CRPMAI,DEMTRABIO,2032,1,SD,0.5653
RE1,CRPMAI,DEMTRABIO,2033,1,SD,0.5812
RE1,CRPMAI,DEMTRABIO,2034,1,SD,0.5972
RE1,CRPMAI,DEMTRABIO,2035,1,SD,0.6131
RE1,LND,LNDBLT,2020,1,SD,5.04
RE1,LND,LNDBLT,2021,1,SD,5.0904
RE1,LND,LNDBLT,2022,1,SD,5.1408
RE1,LND,LNDBLT,2023,1,SD,5.1912
RE1,LND,LNDBLT,2024,1,SD,5.245
RE1,LND,LNDBLT,2025,1,SD,5.2987
RE1,LND,LNDBLT,2026,1,SD,5.3491
RE1,LND,LNDBLT,2027,1,SD,5.4029
RE1,LND,LNDBLT,2028,1,SD,5.4566
RE1,LND,LNDBLT,2029,1,SD,5.5138
RE1,LND,LNDBLT,2030,1,SD,5.5675
RE1,LND,LNDBLT,2031,1,SD,5.6246
RE1,LND,LNDBLT,2032,1,SD,5.6784
RE1,LND,LNDBLT,2033,1,SD,5.7355
RE1,LND,LNDBLT,2034,1,SD,5.7926
RE1,LND,LNDBLT,2035,1,SD,5.8498
RE1,WTRPRC,LNDBLT,2020,1,SD,6.048
RE1,WTRPRC,LNDBLT,2021,1,SD,6.1085
RE1,WTRPRC,LNDBLT,2022,1,SD,6.169
RE1,WTRPRC,LNDBLT,2023,1,SD,6.2294
RE1,WTRPRC,LNDBLT,2024,1,SD,6.294
RE1,WTRPRC,LNDBLT,2025,1,SD,6.3585
RE1,WTRPRC,LNDBLT,2026,1,SD,6.4189
RE1,WTRPRC,LNDBLT,2027,1,SD,6.4835
RE1,WTRPRC,LNDBLT,2028,1,SD,6.548
RE1,WTRPRC,LNDBLT,2029,1,SD,6.6165
RE1,WTRPRC,LNDBLT,2030,1,SD,6.681
RE1,WTRPRC,LNDBLT,2031,1,SD,6.7496
RE1,WTRPRC,LNDBLT,2032,1,SD,6.8141
RE1,WTRPRC,LNDBLT,2033,1,SD,6.8826
RE1,WTRPRC,LNDBLT,2034,1,SD,6.9512
RE1,WTRPRC,LNDBLT,2035,1,SD,7.0197
RE1,LND,LNDFOR,2020,1,SD,85.2096
RE1,LND,LNDFOR,2021,1,SD,85.2096
RE1,LND,LNDFOR,2022,1,SD,85.2096
RE1,LND,LNDFOR,2023,1,SD,85.2096
RE1,LND,LNDFOR,2024,1,SD,85.2096
RE1,LND,LNDFOR,2025,1,SD,85.2096
RE1,LND,LNDFOR,2026,1,SD,85.2096
RE1,LND,LNDFOR,2027,1,SD,85.2096
RE1,LND,LNDFOR,2028,1,SD,85.2096
RE1,LND,LNDFOR,2029,1,SD,85.2096
RE1,LND,LNDFOR,2030,1,SD,85.2096
RE1,LND,LNDFOR,2031,1,SD,85.2096
RE1,LND,LNDFOR,2032,1,SD,85.2096
RE1,LND,LNDFOR,2033,1,SD,85.2096
RE1,LND,LNDFOR,2034,1,SD,85.2096
RE1,LND,LNDFOR,2035,1,SD,85.2096
RE1,WTRPRC,LNDFOR,2020,1,SD,102.2515
RE1,WTRPRC,LNDFOR,2021,1,SD,102.2515
RE1,WTRPRC,LNDFOR,2022,1,SD,102.2515
RE1,WTRPRC,LNDFOR,2023,1,SD,102.2515
RE1,WTRPRC,LNDFOR,2024,1,SD,102.2515
RE1,WTRPRC,LNDFOR,2025,1,SD,102.2515
RE1,WTRPRC,LNDFOR,2026,1,SD,102.2515
RE1,WTRPRC,LNDFOR,2027,1,SD,102.2515
RE1,WTRPRC,LNDFOR,2028,1,SD,102.2515
RE1,WTRPRC,LNDFOR,2029,1,SD,102.2515
RE1,WTRPRC,LNDFOR,2030,1,SD,102.2515
RE1,WTRPRC,LNDFOR,2031,1,SD,102.2515
RE1,WTRPRC,LNDFOR,2032,1,SD,102.2515
RE1,WTRPRC,LNDFOR,2033,1,SD,102.2515
RE1,WTRPRC,LNDFOR,2034,1,SD,102.2515
RE1,WTRPRC,LNDFOR,2035,1,SD,102.2515
RE1,AGRDSL,LNDMAIIRR,2020,1,SD,0.0558
RE1,AGRDSL,LNDMAIIRR,2021,1,SD,0.0586
RE1,AGRDSL,LNDMAIIRR,2022,1,SD,0.0615
RE1,AGRDSL,LNDMAIIRR,2023,1,SD,0.0646
RE1,AGRDSL,LNDMAIIRR,2024,1,SD,0.0678
RE1,AGRDSL,LNDMAIIRR,2025,1,SD,0.0712
RE1,AGRDSL,LNDMAIIRR,2026,1,SD,0.0748
RE1,AGRDSL,LNDMAIIRR,2027,1,SD,0.0785
RE1,AGRDSL,LNDMAIIRR,2028,1,SD,0.0825
RE1,AGRDSL,LNDMAIIRR,2029,1,SD,0.0866
RE1,AGRDSL,LNDMAIIRR,2030,1,SD,0.0909
RE1,AGRDSL,LNDMAIIRR,2031,1,SD,0.0955
RE1,AGRDSL,LNDMAIIRR,2032,1,SD,0.1002
RE1,AGRDSL,LNDMAIIRR,2033,1,SD,0.1052
RE1,AGRDSL,LNDMAIIRR,2034,1,SD,0.1105
RE1,AGRDSL,LNDMAIIRR,2035,1,SD,0.116
RE1,AGRWAT,LNDMAIIRR,2020,1,SD,0.0342
RE1,AGRWAT,LNDMAIIRR,2021,1,SD,0.0359
RE1,AGRWAT,LNDMAIIRR,2022,1,SD,0.0377
RE1,AGRWAT,LNDMAIIRR,2023,1,SD,0.0396
RE1,AGRWAT,LNDMAIIRR,2024,1,SD,0.0415
RE1,AGRWAT,LNDMAIIRR,2025,1,SD,0.0436
RE1,AGRWAT,LNDMAIIRR,2026,1,SD,0.0458
RE1,AGRWAT,LNDMAIIRR,2027,1,SD,0.0481
RE1,AGRWAT,LNDMAIIRR,2028,1,SD,0.0505
RE1,AGRWAT,LNDMAIIRR,2029,1,SD,0.053
RE1,AGRWAT,LNDMAIIRR,2030,1,SD,0.0557
RE1,AGRWAT,LNDMAIIRR,2031,1,SD,0.0584
RE1,AGRWAT,LNDMAIIRR,2032,1,SD,0.0614
RE1,AGRWAT,LNDMAIIRR,2033,1,SD,0.0644
RE1,AGRWAT,LNDMAIIRR,2034,1,SD,0.0677
RE1,AGRWAT,LNDMAIIRR,2035,1,SD,0.071
RE1,LND,LNDMAIIRR,2020,1,SD,0.1139
RE1,LND,LNDMAIIRR,2021,1,SD,0.1196
RE1,LND,LNDMAIIRR,2022,1,SD,0.1256
RE1,LND,LNDMAIIRR,2023,1,SD,0.1318
RE1,LND,LNDMAIIRR,2024,1,SD,0.1385
RE1,LND,LNDMAIIRR,2025,1,SD,0.1454
RE1,LND,LNDMAIIRR,2026,1,SD,0.1526
RE1,LND,LNDMAIIRR,2027,1,SD,0.1603
RE1,LND,LNDMAIIRR,2028,1,SD,0.1683
RE1,LND,LNDMAIIRR,2029,1,SD,0.1767
RE1,LND,LNDMAIIRR,2030,1,SD,0.1855
RE1,LND,LNDMAIIRR,2031,1,SD,0.1948
RE1,LND,LNDMAIIRR,2032,1,SD,0.2046
RE1,LND,LNDMAIIRR,2033,1,SD,0.2148
RE1,LND,LNDMAIIRR,2034,1,SD,0.2255
RE1,LND,LNDMAIIRR,2035,1,SD,0.2368
RE1,WTRPRC,LNDMAIIRR,2020,1,SD,0.1367
RE1,WTRPRC,LNDMAIIRR,2021,1,SD,0.1435
RE1,WTRPRC,LNDMAIIRR,2022,1,SD,0.1507
RE1,WTRPRC,LNDMAIIRR,2023,1,SD,0.1582
RE1,WTRPRC,LNDMAIIRR,2024,1,SD,0.1662
RE1,WTRPRC,LNDMAIIRR,2025,1,SD,0.1745
RE1,WTRPRC,LNDMAIIRR,2026,1,SD,0.1832
RE1,WTRPRC,LNDMAIIRR,2027,1,SD,0.1923
RE1,WTRPRC,LNDMAIIRR,2028,1,SD,0.202
RE1,WTRPRC,LNDMAIIRR,2029,1,SD,0.212
RE1,WTRPRC,LNDMAIIRR,2030,1,SD,0.2226
RE1,WTRPRC,LNDMAIIRR,2031,1,SD,0.2338
RE1,WTRPRC,LNDMAIIRR,2032,1,SD,0.2455
RE1,WTRPRC,LNDMAIIRR,2033,1,SD,0.2577
RE1,WTRPRC,LNDMAIIRR,2034,1,SD,0.2706
RE1,WTRPRC,LNDMAIIRR,2035,1,SD,0.2842
RE1,AGRDSL,LNDMAIRNF,2020,1,SD,0.4036
RE1,AGRDSL,LNDMAIRNF,2021,1,SD,0.4136
RE1,AGRDSL,LNDMAIRNF,2022,1,SD,0.4239
RE1,AGRDSL,LNDMAIRNF,2023,1,SD,0.4338
RE1,AGRDSL,LNDMAIRNF,2024,1,SD,0.4438
RE1,AGRDSL,LNDMAIRNF,2025,1,SD,0.4568
RE1,AGRDSL,LNDMAIRNF,2026,1,SD,0.4666
RE1,AGRDSL,LNDMAIRNF,2027,1,SD,0.4765
RE1,AGRDSL,LNDMAIRNF,2028,1,SD,0.4894
RE1,AGRDSL,LNDMAIRNF,2029,1,SD,0.5022
RE1,AGRDSL,LNDMAIRNF,2030,1,SD,0.515
RE1,AGRDSL,LNDMAIRNF,2031,1,SD,0.5277
RE1,AGRDSL,LNDMAIRNF,2032,1,SD,0.5402
RE1,AGRDSL,LNDMAIRNF,2033,1,SD,0.5526
RE1,AGRDSL,LNDMAIRNF,2034,1,SD,0.5647
RE1,AGRDSL,LNDMAIRNF,2035,1,SD,0.5769
RE1,LND,LNDMAIRNF,2020,1,SD,1.3729
RE1,LND,LNDMAIRNF,2021,1,SD,1.4069
RE1,LND,LNDMAIRNF,2022,1,SD,1.4418
RE1,LND,LNDMAIRNF,2023,1,SD,1.4754
RE1,LND,LNDMAIRNF,2024,1,SD,1.5095
RE1,LND,LNDMAIRNF,2025,1,SD,1.5539
RE1,LND,LNDMAIRNF,2026,1,SD,1.5871
RE1,LND,LNDMAIRNF,2027,1,SD,1.6208
RE1,LND,LNDMAIRNF,2028,1,SD,1.6647
RE1,LND,LNDMAIRNF,2029,1,SD,1.708
RE1,LND,LNDMAIRNF,2030,1,SD,1.7518
RE1,LND,LNDMAIRNF,2031,1,SD,1.795
RE1,LND,LNDMAIRNF,2032,1,SD,1.8376
RE1,LND,LNDMAIRNF,2033,1,SD,1.8794
RE1,LND,LNDMAIRNF,2034,1,SD,1.9206
RE1,LND,LNDMAIRNF,2035,1,SD,1.9621
RE1,WTRPRC,LNDMAIRNF,2020,1,SD,1.6475
RE1,WTRPRC,LNDMAIRNF,2021,1,SD,1.6883
RE1,WTRPRC,LNDMAIRNF,2022,1,SD,1.7302
RE1,WTRPRC,LNDMAIRNF,2023,1,SD,1.7705
RE1,WTRPRC,LNDMAIRNF,2024,1,SD,1.8114
RE1,WTRPRC,LNDMAIRNF,2025,1,SD,1.8647
RE1,WTRPRC,LNDMAIRNF,2026,1,SD,1.9045
RE1,WTRPRC,LNDMAIRNF,2027,1,SD,1.9449
RE1,WTRPRC,LNDMAIRNF,2028,1,SD,1.9976
RE1,WTRPRC,LNDMAIRNF,2029,1,SD,2.0496
RE1,WTRPRC,LNDMAIRNF,2030,1,SD,2.1022
RE1,WTRPRC,LNDMAIRNF,2031,1,SD,2.154
RE1,WTRPRC,LNDMAIRNF,2032,1,SD,2.2051
RE1,WTRPRC,LNDMAIRNF,2033,1,SD,2.2553
RE1,WTRPRC,LNDMAIRNF,2034,1,SD,2.3048
RE1,WTRPRC,LNDMAIRNF,2035,1,SD,2.3545
RE1,AGRDSL,LNDRICIRR,2020,1,SD,0.0874
RE1,AGRDSL,LNDRICIRR,2021,1,SD,0.0918
RE1,AGRDSL,LNDRICIRR,2022,1,SD,0.0964
RE1,AGRDSL,LNDRICIRR,2023,1,SD,0.1012
RE1,AGRDSL,LNDRICIRR,2024,1,SD,0.1063
RE1,AGRDSL,LNDRICIRR,2025,1,SD,0.1116
RE1,AGRDSL,LNDRICIRR,2026,1,SD,0.1172
RE1,AGRDSL,LNDRICIRR,2027,1,SD,0.123
RE1,AGRDSL,LNDRICIRR,2028,1,SD,0.1292
RE1,AGRDSL,LNDRICIRR,2029,1,SD,0.1356
RE1,AGRDSL,LNDRICIRR,2030,1,SD,0.1424
RE1,AGRDSL,LNDRICIRR,2031,1,SD,0.1495
RE1,AGRDSL,LNDRICIRR,2032,1,SD,0.157
RE1,AGRDSL,LNDRICIRR,2033,1,SD,0.1649
RE1,AGRDSL,LNDRICIRR,2034,1,SD,0.1731
RE1,AGRDSL,LNDRICIRR,2035,1,SD,0.1817
RE1,AGRWAT,LNDRICIRR,2020,1,SD,0.0803
RE1,AGRWAT,LNDRICIRR,2021,1,SD,0.0843
RE1,AGRWAT,LNDRICIRR,2022,1,SD,0.0885
RE1,AGRWAT,LNDRICIRR,2023,1,SD,0.0929
RE1,AGRWAT,LNDRICIRR,2024,1,SD,0.0976
RE1,AGRWAT,LNDRICIRR,2025,1,SD,0.1025
RE1,AGRWAT,LNDRICIRR,2026,1,SD,0.1076
RE1,AGRWAT,LNDRICIRR,2027,1,SD,0.113
RE1,AGRWAT,LNDRICIRR,2028,1,SD,0.1186
RE1,AGRWAT,LNDRICIRR,2029,1,SD,0.1246
RE1,AGRWAT,LNDRICIRR,2030,1,SD,0.1308
RE1,AGRWAT,LNDRICIRR,2031,1,SD,0.1373
RE1,AGRWAT,LNDRICIRR,2032,1,SD,0.1442
RE1,AGRWAT,LNDRICIRR,2033,1,SD,0.1514
RE1,AGRWAT,LNDRICIRR,2034,1,SD,0.159
RE1,AGRWAT,LNDRICIRR,2035,1,SD,0.1669
RE1,LND,LNDRICIRR,2020,1,SD,0.1784
RE1,LND,LNDRICIRR,2021,1,SD,0.1874
RE1,LND,LNDRICIRR,2022,1,SD,0.1967
RE1,LND,LNDRICIRR,2023,1,SD,0.2065
RE1,LND,LNDRICIRR,2024,1,SD,0.2169
RE1,LND,LNDRICIRR,2025,1,SD,0.2277
RE1,LND,LNDRICIRR,2026,1,SD,0.2391
RE1,LND,LNDRICIRR,2027,1,SD,0.2511
RE1,LND,LNDRICIRR,2028,1,SD,0.2636
RE1,LND,LNDRICIRR,2029,1,SD,0.2768
RE1,LND,LNDRICIRR,2030,1,SD,0.2906
RE1,LND,LNDRICIRR,2031,1,SD,0.3052
RE1,LND,LNDRICIRR,2032,1,SD,0.3204
RE1,LND,LNDRICIRR,2033,1,SD,0.3364
RE1,LND,LNDRICIRR,2034,1,SD,0.3532
RE1,LND,LNDRICIRR,2035,1,SD,0.3709
RE1,WTRPRC,LNDRICIRR,2020,1,SD,0.2141
RE1,WTRPRC,LNDRICIRR,2021,1,SD,0.2248
RE1,WTRPRC,LNDRICIRR,2022,1,SD,0.236
RE1,WTRPRC,LNDRICIRR,2023,1,SD,0.2478
RE1,WTRPRC,LNDRICIRR,2024,1,SD,0.2602
RE1,WTRPRC,LNDRICIRR,2025,1,SD,0.2732
RE1,WTRPRC,LNDRICIRR,2026,1,SD,0.2869
RE1,WTRPRC,LNDRICIRR,2027,1,SD,0.3013
RE1,WTRPRC,LNDRICIRR,2028,1,SD,0.3163
RE1,WTRPRC,LNDRICIRR,2029,1,SD,0.3322
RE1,WTRPRC,LNDRICIRR,2030,1,SD,0.3487
RE1,WTRPRC,LNDRICIRR,2031,1,SD,0.3662
RE1,WTRPRC,LNDRICIRR,2032,1,SD,0.3845
RE1,WTRPRC,LNDRICIRR,2033,1,SD,0.4037
RE1,WTRPRC,LNDRICIRR,2034,1,SD,0.4239
RE1,WTRPRC,LNDRICIRR,2035,1,SD,0.4451
RE1,AGRDSL,LNDRICRNF,2020,1,SD,0.1406
RE1,AGRDSL,LNDRICRNF,2021,1,SD,0.1404
RE1,AGRDSL,LNDRICRNF,2022,1,SD,0.1402
RE1,AGRDSL,LNDRICRNF,2023,1,SD,0.1399
RE1,AGRDSL,LNDRICRNF,2024,1,SD,0.1396
RE1,AGRDSL,LNDRICRNF,2025,1,SD,0.139
RE1,AGRDSL,LNDRICRNF,2026,1,SD,0.1382
RE1,AGRDSL,LNDRICRNF,2027,1,SD,0.1372
RE1,AGRDSL,LNDRICRNF,2028,1,SD,0.136
RE1,AGRDSL,LNDRICRNF,2029,1,SD,0.1346
RE1,AGRDSL,LNDRICRNF,2030,1,SD,0.1329
RE1,AGRDSL,LNDRICRNF,2031,1,SD,0.131
RE1,AGRDSL,LNDRICRNF,2032,1,SD,0.1289
RE1,AGRDSL,LNDRICRNF,2033,1,SD,0.1266
RE1,AGRDSL,LNDRICRNF,2034,1,SD,0.1238
RE1,AGRDSL,LNDRICRNF,2035,1,SD,0.1208
RE1,LND,LNDRICRNF,2020,1,SD,0.4781
RE1,LND,LNDRICRNF,2021,1,SD,0.4775
RE1,LND,LNDRICRNF,2022,1,SD,0.4769
RE1,LND,LNDRICRNF,2023,1,SD,0.476
RE1,LND,LNDRICRNF,2024,1,SD,0.4748
RE1,LND,LNDRICRNF,2025,1,SD,0.4727
RE1,LND,LNDRICRNF,2026,1,SD,0.4701
RE1,LND,LNDRICRNF,2027,1,SD,0.4666
RE1,LND,LNDRICRNF,2028,1,SD,0.4625
RE1,LND,LNDRICRNF,2029,1,SD,0.4579
RE1,LND,LNDRICRNF,2030,1,SD,0.4522
RE1,LND,LNDRICRNF,2031,1,SD,0.4457
RE1,LND,LNDRICRNF,2032,1,SD,0.4385
RE1,LND,LNDRICRNF,2033,1,SD,0.4305
RE1,LND,LNDRICRNF,2034,1,SD,0.4211
RE1,LND,LNDRICRNF,2035,1,SD,0.4108
RE1,WTRPRC,LNDRICRNF,2020,1,SD,0.5738
RE1,WTRPRC,LNDRICRNF,2021,1,SD,0.573
RE1,WTRPRC,LNDRICRNF,2022,1,SD,0.5722
RE1,WTRPRC,LNDRICRNF,2023,1,SD,0.5712
RE1,WTRPRC,LNDRICRNF,2024,1,SD,0.5697
RE1,WTRPRC,LNDRICRNF,2025,1,SD,0.5672
RE1,WTRPRC,LNDRICRNF,2026,1,SD,0.5642
RE1,WTRPRC,LNDRICRNF,2027,1,SD,0.5599
RE1,WTRPRC,LNDRICRNF,2028,1,SD,0.555
RE1,WTRPRC,LNDRICRNF,2029,1,SD,0.5495
RE1,WTRPRC,LNDRICRNF,2030,1,SD,0.5426
RE1,WTRPRC,LNDRICRNF,2031,1,SD,0.5348
RE1,WTRPRC,LNDRICRNF,2032,1,SD,0.5262
RE1,WTRPRC,LNDRICRNF,2033,1,SD,0.5166
RE1,WTRPRC,LNDRICRNF,2034,1,SD,0.5054
RE1,WTRPRC,LNDRICRNF,2035,1,SD,0.493
RE1,LND,LNDWAT,2020,1,SD,8.4071
RE1,LND,LNDWAT,2021,1,SD,8.3087
RE1,LND,LNDWAT,2022,1,SD,8.2086
RE1,LND,LNDWAT,2023,1,SD,8.1094
RE1,LND,LNDWAT,2024,1,SD,8.0059
RE1,LND,LNDWAT,2025,1,SD,7.8921
RE1,LND,LNDWAT,2026,1,SD,7.7923
RE1,LND,LNDWAT,2027,1,SD,7.6889
RE1,LND,LNDWAT,2028,1,SD,7.5746
RE1,LND,LNDWAT,2029,1,SD,7.4572
RE1,LND,LNDWAT,2030,1,SD,7.3428
RE1,LND,LNDWAT,2031,1,SD,7.2251
RE1,LND,LNDWAT,2032,1,SD,7.111
RE1,LND,LNDWAT,2033,1,SD,6.9937
RE1,LND,LNDWAT,2034,1,SD,6.8772
RE1,LND,LNDWAT,2035,1,SD,6.7601
RE1,WTRPRC,LNDWAT,2020,1,SD,10.0885
RE1,WTRPRC,LNDWAT,2021,1,SD,9.9705
RE1,WTRPRC,LNDWAT,2022,1,SD,9.8503
RE1,WTRPRC,LNDWAT,2023,1,SD,9.7313
RE1,WTRPRC,LNDWAT,2024,1,SD,9.607
RE1,WTRPRC,LNDWAT,2025,1,SD,9.4705
RE1,WTRPRC,LNDWAT,2026,1,SD,9.3508
RE1,WTRPRC,LNDWAT,2027,1,SD,9.2266
RE1,WTRPRC,LNDWAT,2028,1,SD,9.0896
RE1,WTRPRC,LNDWAT,2029,1,SD,8.9486
RE1,WTRPRC,LNDWAT,2030,1,SD,8.8113
RE1,WTRPRC,LNDWAT,2031,1,SD,8.6701
RE1,WTRPRC,LNDWAT,2032,1,SD,8.5332
RE1,WTRPRC,LNDWAT,2033,1,SD,8.3924
RE1,WTRPRC,LNDWAT,2034,1,SD,8.2527
RE1,WTRPRC,LNDWAT,2035,1,SD,8.1121
RE1,COA,PWRCOA,2020,1,SD,127.3908
RE1,COA,PWRCOA,2021,1,SD,124.7064
RE1,COA,PWRCOA,2022,1,SD,117.9727
RE1,COA,PWRCOA,2023,1,SD,110.5993
RE1,COA,PWRCOA,2024,1,SD,103.2261
RE1,COA,PWRCOA,2025,1,SD,95.2319
RE1,COA,PWRCOA,2026,1,SD,104.4141
RE1,COA,PWRCOA,2027,1,SD,111.259
RE1,COA,PWRCOA,2028,1,SD,111.259
RE1,COA,PWRCOA,2029,1,SD,111.259
RE1,COA,PWRCOA,2030,1,SD,111.259
RE1,COA,PWRCOA,2031,1,SD,111.259
RE1,COA,PWRCOA,2032,1,SD,111.259
RE1,COA,PWRCOA,2033,1,SD,111.259
RE1,COA,PWRCOA,2034,1,SD,111.259
RE1,COA,PWRCOA,2035,1,SD,111.259
RE1,PWRWAT,PWRCOA,2020,1,SD,0.0297
RE1,PWRWAT,PWRCOA,2021,1,SD,0.0291
RE1,PWRWAT,PWRCOA,2022,1,SD,0.0275
RE1,PWRWAT,PWRCOA,2023,1,SD,0.0258
RE1,PWRWAT,PWRCOA,2024,1,SD,0.0241
RE1,PWRWAT,PWRCOA,2025,1,SD,0.0222
RE1,PWRWAT,PWRCOA,2026,1,SD,0.0244
RE1,PWRWAT,PWRCOA,2027,1,SD,0.026
RE1,PWRWAT,PWRCOA,2028,1,SD,0.026
RE1,PWRWAT,PWRCOA,2029,1,SD,0.026
RE1,PWRWAT,PWRCOA,2030,1,SD,0.026
RE1,PWRWAT,PWRCOA,2031,1,SD,0.026
RE1,PWRWAT,PWRCOA,2032,1,SD,0.026
RE1,PWRWAT,PWRCOA,2033,1,SD,0.026
RE1,PWRWAT,PWRCOA,2034,1,SD,0.026
RE1,PWRWAT,PWRCOA,2035,1,SD,0.026
RE1,HYD,PWRHYD,2020,1,SD,12.7153
RE1,HYD,PWRHYD,2021,1,SD,12.7153
RE1,HYD,PWRHYD,2022,1,SD,12.7153
RE1,HYD,PWRHYD,2023,1,SD,12.7153
RE1,HYD,PWRHYD,2024,1,SD,12.7153
RE1,HYD,PWRHYD,2025,1,SD,12.7153
RE1,HYD,PWRHYD,2026,1,SD,12.7153
RE1,HYD,PWRHYD,2027,1,SD,12.7153
RE1,HYD,PWRHYD,2028,1,SD,12.7153
RE1,HYD,PWRHYD,2029,1,SD,12.7153
RE1,HYD,PWRHYD,2030,1,SD,12.7153
RE1,HYD,PWRHYD,2031,1,SD,12.7153
RE1,HYD,PWRHYD,2032,1,SD,12.7153
RE1,HYD,PWRHYD,2033,1,SD,12.7153
RE1,HYD,PWRHYD,2034,1,SD,12.7153
RE1,HYD,PWRHYD,2035,1,SD,12.7153
RE1,SOL,PWRSOL,2021,1,SD,1.3201
RE1,SOL,PWRSOL,2022,1,SD,4.8023
RE1,SOL,PWRSOL,2023,1,SD,8.7884
RE1,SOL,PWRSOL,2024,1,SD,12.7842
RE1,SOL,PWRSOL,2025,1,SD,17.2814
RE1,SOL,PWRSOL,2026,1,SD,17.2814
RE1,SOL,PWRSOL,2027,1,SD,17.9846
RE1,SOL,PWRSOL,2028,1,SD,21.0603
RE1,SOL,PWRSOL,2029,1,SD,24.7566
RE1,SOL,PWRSOL,2030,1,SD,28.7797
RE1,SOL,PWRSOL,2031,1,SD,33.1179
RE1,SOL,PWRSOL,2032,1,SD,38.1251
RE1,SOL,PWRSOL,2033,1,SD,43.4553
RE1,SOL,PWRSOL,2034,1,SD,49.4212
RE1,SOL,PWRSOL,2035,1,SD,55.7119
RE1,ELC001,PWRTRN,2020,1,SD,58.8876
RE1,ELC001,PWRTRN,2021,1,SD,61.7014
RE1,ELC001,PWRTRN,2022,1,SD,63.1654
RE1,ELC001,PWRTRN,2023,1,SD,64.4163
RE1,ELC001,PWRTRN,2024,1,SD,65.6672
RE1,ELC001,PWRTRN,2025,1,SD,66.7111
RE1,ELC001,PWRTRN,2026,1,SD,73.4804
RE1,ELC001,PWRTRN,2027,1,SD,79.4707
RE1,ELC001,PWRTRN,2028,1,SD,83.1794
RE1,ELC001,PWRTRN,2029,1,SD,86.888
RE1,ELC001,PWRTRN,2030,1,SD,90.5966
RE1,ELC001,PWRTRN,2031,1,SD,94.3053
RE1,ELC001,PWRTRN,2032,1,SD,98.0139
RE1,ELC001,PWRTRN,2033,1,SD,101.7225
RE1,ELC001,PWRTRN,2034,1,SD,105.4312
RE1,ELC001,PWRTRN,2035,1,SD,109.1398
RE1,WND,PWRWND,2020,1,SD,3.7086
RE1,WND,PWRWND,2021,1,SD,7.4173
RE1,WND,PWRWND,2022,1,SD,11.1259
RE1,WND,PWRWND,2023,1,SD,14.8345
RE1,WND,PWRWND,2024,1,SD,18.5432
RE1,WND,PWRWND,2025,1,SD,22.2518
RE1,WND,PWRWND,2026,1,SD,25.9604
RE1,WND,PWRWND,2027,1,SD,29.6691
RE1,WND,PWRWND,2028,1,SD,33.3777
RE1,WND,PWRWND,2029,1,SD,37.0863
RE1,WND,PWRWND,2030,1,SD,40.795
RE1,WND,PWRWND,2031,1,SD,44.5036
RE1,WND,PWRWND,2032,1,SD,48.2122
RE1,WND,PWRWND,2033,1,SD,51.9209
RE1,WND,PWRWND,2034,1,SD,55.6295
RE1,WND,PWRWND,2035,1,SD,59.3381
RE1,WTRRUN,RSCHYD,2020,1,SD,31.7883
RE1,WTRRUN,RSCHYD,2021,1,SD,31.7883
RE1,WTRRUN,RSCHYD,2022,1,SD,31.7883
RE1,WTRRUN,RSCHYD,2023,1,SD,31.7883
RE1,WTRRUN,RSCHYD,2024,1,SD,31.7883
RE1,WTRRUN,RSCHYD,2025,1,SD,31.7883
RE1,WTRRUN,RSCHYD,2026,1,SD,31.7883
RE1,WTRRUN,RSCHYD,2027,1,SD,31.7883
RE1,WTRRUN,RSCHYD,2028,1,SD,31.7883
RE1,WTRRUN,RSCHYD,2029,1,SD,31.7883
RE1,WTRRUN,RSCHYD,2030,1,SD,31.7883
RE1,WTRRUN,RSCHYD,2031,1,SD,31.7883
RE1,WTRRUN,RSCHYD,2032,1,SD,31.7883
RE1,WTRRUN,RSCHYD,2033,1,SD,31.7883
RE1,WTRRUN,RSCHYD,2034,1,SD,31.7883
RE1,WTRRUN,RSCHYD,2035,1,SD,31.7883
RE1,ELC002,DEMAGRGWTWAT,2026,1,SN,0.0095
RE1,ELC002,DEMAGRGWTWAT,2027,1,SN,0.0281
RE1,ELC002,DEMAGRGWTWAT,2028,1,SN,0.0417
RE1,ELC002,DEMAGRGWTWAT,2029,1,SN,0.0363
RE1,ELC002,DEMAGRGWTWAT,2030,1,SN,0.0308
RE1,ELC002,DEMAGRGWTWAT,2031,1,SN,0.0236
RE1,ELC002,DEMAGRGWTWAT,2032,1,SN,0.0181
RE1,ELC002,DEMAGRGWTWAT,2033,1,SN,0.0127
RE1,ELC002,DEMAGRGWTWAT,2034,1,SN,0.0054
RE1,ELC002,DEMAGRSURWAT,2020,1,SN,0.0703
RE1,ELC002,DEMAGRSURWAT,2021,1,SN,0.0738
RE1,ELC002,DEMAGRSURWAT,2022,1,SN,0.0775
RE1,ELC002,DEMAGRSURWAT,2023,1,SN,0.0814
RE1,ELC002,DEMAGRSURWAT,2024,1,SN,0.0855
RE1,ELC002,DEMAGRSURWAT,2025,1,SN,0.0897
RE1,ELC002,DEMAGRSURWAT,2026,1,SN,0.0867
RE1,ELC002,DEMAGRSURWAT,2027,1,SN,0.0766
RE1,ELC002,DEMAGRSURWAT,2028,1,SN,0.0707
RE1,ELC002,DEMAGRSURWAT,2029,1,SN,0.0802
RE1,ELC002,DEMAGRSURWAT,2030,1,SN,0.09
RE1,ELC002,DEMAGRSURWAT,2031,1,SN,0.1015
RE1,ELC002,DEMAGRSURWAT,2032,1,SN,0.1118
RE1,ELC002,DEMAGRSURWAT,2033,1,SN,0.1225
RE1,ELC002,DEMAGRSURWAT,2034,1,SN,0.1349
RE1,ELC002,DEMAGRSURWAT,2035,1,SN,0.1462
RE1,WTRSUR,DEMAGRSURWAT,2020,1,SN,0.0817
RE1,WTRSUR,DEMAGRSURWAT,2021,1,SN,0.0858
RE1,WTRSUR,DEMAGRSURWAT,2022,1,SN,0.0901
RE1,WTRSUR,DEMAGRSURWAT,2023,1,SN,0.0946
RE1,WTRSUR,DEMAGRSURWAT,2024,1,SN,0.0994
RE1,WTRSUR,DEMAGRSURWAT,2025,1,SN,0.1043
RE1,WTRSUR,DEMAGRSURWAT,2026,1,SN,0.1008
RE1,WTRSUR,DEMAGRSURWAT,2027,1,SN,0.089
RE1,WTRSUR,DEMAGRSURWAT,2028,1,SN,0.0822
RE1,WTRSUR,DEMAGRSURWAT,2029,1,SN,0.0932
RE1,WTRSUR,DEMAGRSURWAT,2030,1,SN,0.1046
RE1,WTRSUR,DEMAGRSURWAT,2031,1,SN,0.118
RE1,WTRSUR,DEMAGRSURWAT,2032,1,SN,0.13
RE1,WTRSUR,DEMAGRSURWAT,2033,1,SN,0.1424
RE1,WTRSUR,DEMAGRSURWAT,2034,1,SN,0.1568
RE1,WTRSUR,DEMAGRSURWAT,2035,1,SN,0.17
RE1,ELC002,DEMPUBSURWAT,2020,1,SN,0.2131
RE1,ELC002,DEMPUBSURWAT,2021,1,SN,0.2282
RE1,ELC002,DEMPUBSURWAT,2022,1,SN,0.244
RE1,ELC002,DEMPUBSURWAT,2023,1,SN,0.2604
RE1,ELC002,DEMPUBSURWAT,2024,1,SN,0.2774
RE1,ELC002,DEMPUBSURWAT,2025,1,SN,0.2952
RE1,ELC002,DEMPUBSURWAT,2026,1,SN,0.3137
RE1,ELC002,DEMPUBSURWAT,2027,1,SN,0.3329
RE1,ELC002,DEMPUBSURWAT,2028,1,SN,0.3531
RE1,ELC002,DEMPUBSURWAT,2029,1,SN,0.3739
RE1,ELC002,DEMPUBSURWAT,2030,1,SN,0.3959
RE1,ELC002,DEMPUBSURWAT,2031,1,SN,0.4187
RE1,ELC002,DEMPUBSURWAT,2032,1,SN,0.4423
RE1,ELC002,DEMPUBSURWAT,2033,1,SN,0.467
RE1,ELC002,DEMPUBSURWAT,2034,1,SN,0.4929
RE1,ELC002,DEMPUBSURWAT,2035,1,SN,0.52
RE1,WTRSUR,DEMPUBSURWAT,2020,1,SN,0.0756
RE1,WTRSUR,DEMPUBSURWAT,2021,1,SN,0.0809
RE1,WTRSUR,DEMPUBSURWAT,2022,1,SN,0.0865
RE1,WTRSUR,DEMPUBSURWAT,2023,1,SN,0.0923
RE1,WTRSUR,DEMPUBSURWAT,2024,1,SN,0.0984
RE1,WTRSUR,DEMPUBSURWAT,2025,1,SN,0.1047
RE1,WTRSUR,DEMPUBSURWAT,2026,1,SN,0.1112
RE1,WTRSUR,DEMPUBSURWAT,2027,1,SN,0.118
RE1,WTRSUR,DEMPUBSURWAT,2028,1,SN,0.1252
RE1,WTRSUR,DEMPUBSURWAT,2029,1,SN,0.1326
RE1,WTRSUR,DEMPUBSURWAT,2030,1,SN,0.1404
RE1,WTRSUR,DEMPUBSURWAT,2031,1,SN,0.1485
RE1,WTRSUR,DEMPUBSURWAT,2032,1,SN,0.1568
RE1,WTRSUR,DEMPUBSURWAT,2033,1,SN,0.1656
RE1,WTRSUR,DEMPUBSURWAT,2034,1,SN,0.1748
RE1,WTRSUR,DEMPUBSURWAT,2035,1,SN,0.1844
RE1,ELC002,DEMPWRSURWAT,2020,1,SN,0.0332
RE1,ELC002,DEMPWRSURWAT,2021,1,SN,0.0331
RE1,ELC002,DEMPWRSURWAT,2022,1,SN,0.0337
RE1,ELC002,DEMPWRSURWAT,2023,1,SN,0.0346
RE1,ELC002,DEMPWRSURWAT,2024,1,SN,0.0356
RE1,ELC002,DEMPWRSURWAT,2025,1,SN,0.0368
RE1,ELC002,DEMPWRSURWAT,2026,1,SN,0.039
RE1,ELC002,DEMPWRSURWAT,2027,1,SN,0.0412
RE1,ELC002,DEMPWRSURWAT,2028,1,SN,0.0435
RE1,ELC002,DEMPWRSURWAT,2029,1,SN,0.046
RE1,ELC002,DEMPWRSURWAT,2030,1,SN,0.0469
RE1,ELC002,DEMPWRSURWAT,2031,1,SN,0.0478
RE1,ELC002,DEMPWRSURWAT,2032,1,SN,0.049
RE1,ELC002,DEMPWRSURWAT,2033,1,SN,0.0502
RE1,ELC002,DEMPWRSURWAT,2034,1,SN,0.0516
RE1,ELC002,DEMPWRSURWAT,2035,1,SN,0.0532
RE1,WTRSUR,DEMPWRSURWAT,2020,1,SN,0.0118
RE1,WTRSUR,DEMPWRSURWAT,2021,1,SN,0.0117
RE1,WTRSUR,DEMPWRSURWAT,2022,1,SN,0.012
RE1,WTRSUR,DEMPWRSURWAT,2023,1,SN,0.0123
RE1,WTRSUR,DEMPWRSURWAT,2024,1,SN,0.0126
RE1,WTRSUR,DEMPWRSURWAT,2025,1,SN,0.013
RE1,WTRSUR,DEMPWRSURWAT,2026,1,SN,0.0138
RE1,WTRSUR,DEMPWRSURWAT,2027,1,SN,0.0146
RE1,WTRSUR,DEMPWRSURWAT,2028,1,SN,0.0154
RE1,WTRSUR,DEMPWRSURWAT,2029,1,SN,0.0163
RE1,WTRSUR,DEMPWRSURWAT,2030,1,SN,0.0166
RE1,WTRSUR,DEMPWRSURWAT,2031,1,SN,0.017
RE1,WTRSUR,DEMPWRSURWAT,2032,1,SN,0.0174
RE1,WTRSUR,DEMPWRSURWAT,2033,1,SN,0.0178
RE1,WTRSUR,DEMPWRSURWAT,2034,1,SN,0.0183
RE1,WTRSUR,DEMPWRSURWAT,2035,1,SN,0.0188
RE1,CRPMAI,DEMTRABIO,2020,1,SN,0.199
RE1,CRPMAI,DEMTRABIO,2021,1,SN,0.205
RE1,CRPMAI,DEMTRABIO,2022,1,SN,0.211
RE1,CRPMAI,DEMTRABIO,2023,1,SN,0.217
RE1,CRPMAI,DEMTRABIO,2024,1,SN,0.2229
RE1,CRPMAI,DEMTRABIO,2025,1,SN,0.2309
RE1,CRPMAI,DEMTRABIO,2026,1,SN,0.2369
RE1,CRPMAI,DEMTRABIO,2027,1,SN,0.2428
RE1,CRPMAI,DEMTRABIO,2028,1,SN,0.2508
RE1,CRPMAI,DEMTRABIO,2029,1,SN,0.2588
RE1,CRPMAI,DEMTRABIO,2030,1,SN,0.2667
RE1,CRPMAI,DEMTRABIO,2031,1,SN,0.2747
RE1,CRPMAI,DEMTRABIO,2032,1,SN,0.2827
RE1,CRPMAI,DEMTRABIO,2033,1,SN,0.2906
RE1,CRPMAI,DEMTRABIO,2034,1,SN,0.2986
RE1,CRPMAI,DEMTRABIO,2035,1,SN,0.3065
RE1,LND,LNDBLT,2020,1,SN,2.52
RE1,LND,LNDBLT,2021,1,SN,2.5452
RE1,LND,LNDBLT,2022,1,SN,2.5704
RE1,LND,LNDBLT,2023,1,SN,2.5956
RE1,LND,LNDBLT,2024,1,SN,2.6225
RE1,LND,LNDBLT,2025,1,SN,2.6494
RE1,LND,LNDBLT,2026,1,SN,2.6746
RE1,LND,LNDBLT,2027,1,SN,2.7014
RE1,LND,LNDBLT,2028,1,SN,2.7283
RE1,LND,LNDBLT,2029,1,SN,2.7569
RE1,LND,LNDBLT,2030,1,SN,2.7838
RE1,LND,LNDBLT,2031,1,SN,2.8123
RE1,LND,LNDBLT,2032,1,SN,2.8392
RE1,LND,LNDBLT,2033,1,SN,2.8678
RE1,LND,LNDBLT,2034,1,SN,2.8963
RE1,LND,LNDBLT,2035,1,SN,2.9249
RE1,WTRPRC,LNDBLT,2020,1,SN,3.024
RE1,WTRPRC,LNDBLT,2021,1,SN,3.0542
RE1,WTRPRC,LNDBLT,2022,1,SN,3.0845
RE1,WTRPRC,LNDBLT,2023,1,SN,3.1147
RE1,WTRPRC,LNDBLT,2024,1,SN,3.147
RE1,WTRPRC,LNDBLT,2025,1,SN,3.1792
RE1,WTRPRC,LNDBLT,2026,1,SN,3.2095
RE1,WTRPRC,LNDBLT,2027,1,SN,3.2417
RE1,WTRPRC,LNDBLT,2028,1,SN,3.274
RE1,WTRPRC,LNDBLT,2029,1,SN,3.3083
RE1,WTRPRC,LNDBLT,2030,1,SN,3.3405
RE1,WTRPRC,LNDBLT,2031,1,SN,3.3748
RE1,WTRPRC,LNDBLT,2032,1,SN,3.407
RE1,WTRPRC,LNDBLT,2033,1,SN,3.4413
RE1,WTRPRC,LNDBLT,2034,1,SN,3.4756
RE1,WTRPRC,LNDBLT,2035,1,SN,3.5099
RE1,LND,LNDFOR,2020,1,SN,42.6048
RE1,LND,LNDFOR,2021,1,SN,42.6048
RE1,LND,LNDFOR,2022,1,SN,42.6048
RE1,LND,LNDFOR,2023,1,SN,42.6048
RE1,LND,LNDFOR,2024,1,SN,42.6048
RE1,LND,LNDFOR,2025,1,SN,42.6048
RE1,LND,LNDFOR,2026,1,SN,42.6048
RE1,LND,LNDFOR,2027,1,SN,42.6048
RE1,LND,LNDFOR,2028,1,SN,42.6048
RE1,LND,LNDFOR,2029,1,SN,42.6048
RE1,LND,LNDFOR,2030,1,SN,42.6048
RE1,LND,LNDFOR,2031,1,SN,42.6048
RE1,LND,LNDFOR,2032,1,SN,42.6048
RE1,LND,LNDFOR,2033,1,SN,42.6048
RE1,LND,LNDFOR,2034,1,SN,42.6048
RE1,LND,LNDFOR,2035,1,SN,42.6048
RE1,WTRPRC,LNDFOR,2020,1,SN,51.1258
RE1,WTRPRC,LNDFOR,2021,1,SN,51.1258
RE1,WTRPRC,LNDFOR,2022,1,SN,51.1258
RE1,WTRPRC,LNDFOR,2023,1,SN,51.1258
RE1,WTRPRC,LNDFOR,2024,1,SN,51.1258
RE1,WTRPRC,LNDFOR,2025,1,SN,51.1258
RE1,WTRPRC,LNDFOR,2026,1,SN,51.1258
RE1,WTRPRC,LNDFOR,2027,1,SN,51.1258
RE1,WTRPRC,LNDFOR,2028,1,SN,51.1258
RE1,WTRPRC,LNDFOR,2029,1,SN,51.1258
RE1,WTRPRC,LNDFOR,2030,1,SN,51.1258
RE1,WTRPRC,LNDFOR,2031,1,SN,51.1258
RE1,WTRPRC,LNDFOR,2032,1,SN,51.1258
RE1,WTRPRC,LNDFOR,2033,1,SN,51.1258
RE1,WTRPRC,LNDFOR,2034,1,SN,51.1258
RE1,WTRPRC,LNDFOR,2035,1,SN,51.1258
RE1,AGRDSL,LNDMAIIRR,2020,1,SN,0.0279
RE1,AGRDSL,LNDMAIIRR,2021,1,SN,0.0293
RE1,AGRDSL,LNDMAIIRR,2022,1,SN,0.0308
RE1,AGRDSL,LNDMAIIRR,2023,1,SN,0.0323
RE1,AGRDSL,LNDMAIIRR,2024,1,SN,0.0339
RE1,AGRDSL,LNDMAIIRR,2025,1,SN,0.0356
RE1,AGRDSL,LNDMAIIRR,2026,1,SN,0.0374
RE1,AGRDSL,LNDMAIIRR,2027,1,SN,0.0393
RE1,AGRDSL,LNDMAIIRR,2028,1,SN,0.0412
RE1,AGRDSL,LNDMAIIRR,2029,1,SN,0.0433
RE1,AGRDSL,LNDMAIIRR,2030,1,SN,0.0455
RE1,AGRDSL,LNDMAIIRR,2031,1,SN,0.0477
RE1,AGRDSL,LNDMAIIRR,2032,1,SN,0.0501
RE1,AGRDSL,LNDMAIIRR,2033,1,SN,0.0526
RE1,AGRDSL,LNDMAIIRR,2034,1,SN,0.0553
RE1,AGRDSL,LNDMAIIRR,2035,1,SN,0.058
RE1,AGRWAT,LNDMAIIRR,2020,1,SN,0.0171
RE1,AGRWAT,LNDMAIIRR,2021,1,SN,0.0179
RE1,AGRWAT,LNDMAIIRR,2022,1,SN,0.0188
RE1,AGRWAT,LNDMAIIRR,2023,1,SN,0.0198
RE1,AGRWAT,LNDMAIIRR,2024,1,SN,0.0208
RE1,AGRWAT,LNDMAIIRR,2025,1,SN,0.0218
RE1,AGRWAT,LNDMAIIRR,2026,1,SN,0.0229
RE1,AGRWAT,LNDMAIIRR,2027,1,SN,0.024
RE1,AGRWAT,LNDMAIIRR,2028,1,SN,0.0252
RE1,AGRWAT,LNDMAIIRR,2029,1,SN,0.0265
RE1,AGRWAT,LNDMAIIRR,2030,1,SN,0.0278
RE1,AGRWAT,LNDMAIIRR,2031,1,SN,0.0292
RE1,AGRWAT,LNDMAIIRR,2032,1,SN,0.0307
RE1,AGRWAT,LNDMAIIRR,2033,1,SN,0.0322
RE1,AGRWAT,LNDMAIIRR,2034,1,SN,0.0338
RE1,AGRWAT,LNDMAIIRR,2035,1,SN,0.0355
RE1,LND,LNDMAIIRR,2020,1,SN,0.057
RE1,LND,LNDMAIIRR,2021,1,SN,0.0598
RE1,LND,LNDMAIIRR,2022,1,SN,0.0628
RE1,LND,LNDMAIIRR,2023,1,SN,0.0659
RE1,LND,LNDMAIIRR,2024,1,SN,0.0692
RE1,LND,LNDMAIIRR,2025,1,SN,0.0727
RE1,LND,LNDMAIIRR,2026,1,SN,0.0763
RE1,LND,LNDMAIIRR,2027,1,SN,0.0801
RE1,LND,LNDMAIIRR,2028,1,SN,0.0842
RE1,LND,LNDMAIIRR,2029,1,SN,0.0884
RE1,LND,LNDMAIIRR,2030,1,SN,0.0928
RE1,LND,LNDMAIIRR,2031,1,SN,0.0974
RE1,LND,LNDMAIIRR,2032,1,SN,0.1023
RE1,LND,LNDMAIIRR,2033,1,SN,0.1074
RE1,LND,LNDMAIIRR,2034,1,SN,0.1128
RE1,LND,LNDMAIIRR,2035,1,SN,0.1184
RE1,WTRPRC,LNDMAIIRR,2020,1,SN,0.0683
RE1,WTRPRC,LNDMAIIRR,2021,1,SN,0.0718
RE1,WTRPRC,LNDMAIIRR,2022,1,SN,0.0753
RE1,WTRPRC,LNDMAIIRR,2023,1,SN,0.0791
RE1,WTRPRC,LNDMAIIRR,2024,1,SN,0.0831
RE1,WTRPRC,LNDMAIIRR,2025,1,SN,0.0872
RE1,WTRPRC,LNDMAIIRR,2026,1,SN,0.0916
RE1,WTRPRC,LNDMAIIRR,2027,1,SN,0.0962
RE1,WTRPRC,LNDMAIIRR,2028,1,SN,0.101
RE1,WTRPRC,LNDMAIIRR,2029,1,SN,0.106
RE1,WTRPRC,LNDMAIIRR,2030,1,SN,0.1113
RE1,WTRPRC,LNDMAIIRR,2031,1,SN,0.1169
RE1,WTRPRC,LNDMAIIRR,2032,1,SN,0.1227
RE1,WTRPRC,LNDMAIIRR,2033,1,SN,0.1289
RE1,WTRPRC,LNDMAIIRR,2034,1,SN,0.1353
RE1,WTRPRC,LNDMAIIRR,2035,1,SN,0.1421
RE1,AGRDSL,LNDMAIRNF,2020,1,SN,0.2008
RE1,AGRDSL,LNDMAIRNF,2021,1,SN,0.2068
RE1,AGRDSL,LNDMAIRNF,2022,1,SN,0.212
RE1,AGRDSL,LNDMAIRNF,2023,1,SN,0.2169
RE1,AGRDSL,LNDMAIRNF,2024,1,SN,0.2219
RE1,AGRDSL,LNDMAIRNF,2025,1,SN,0.2284
RE1,AGRDSL,LNDMAIRNF,2026,1,SN,0.2333
RE1,AGRDSL,LNDMAIRNF,2027,1,SN,0.2383
RE1,AGRDSL,LNDMAIRNF,2028,1,SN,0.2447
RE1,AGRDSL,LNDMAIRNF,2029,1,SN,0.2511
RE1,AGRDSL,LNDMAIRNF,2030,1,SN,0.2575
RE1,AGRDSL,LNDMAIRNF,2031,1,SN,0.2639
RE1,AGRDSL,LNDMAIRNF,2032,1,SN,0.2701
RE1,AGRDSL,LNDMAIRNF,2033,1,SN,0.2763
RE1,AGRDSL,LNDMAIRNF,2034,1,SN,0.2823
RE1,AGRDSL,LNDMAIRNF,2035,1,SN,0.2884
RE1,LND,LNDMAIRNF,2020,1,SN,0.683
RE1,LND,LNDMAIRNF,2021,1,SN,0.7034
RE1,LND,LNDMAIRNF,2022,1,SN,0.7209
RE1,LND,LNDMAIRNF,2023,1,SN,0.7377
RE1,LND,LNDMAIRNF,2024,1,SN,0.7548
RE1,LND,LNDMAIRNF,2025,1,SN,0.7769
RE1,LND,LNDMAIRNF,2026,1,SN,0.7935
RE1,LND,LNDMAIRNF,2027,1,SN,0.8104
RE1,LND,LNDMAIRNF,2028,1,SN,0.8323
RE1,LND,LNDMAIRNF,2029,1,SN,0.854
RE1,LND,LNDMAIRNF,2030,1,SN,0.8759
RE1,LND,LNDMAIRNF,2031,1,SN,0.8975
RE1,LND,LNDMAIRNF,2032,1,SN,0.9188
RE1,LND,LNDMAIRNF,2033,1,SN,0.9397
RE1,LND,LNDMAIRNF,2034,1,SN,0.9603
RE1,LND,LNDMAIRNF,2035,1,SN,0.9811
RE1,WTRPRC,LNDMAIRNF,2020,1,SN,0.8195
RE1,WTRPRC,LNDMAIRNF,2021,1,SN,0.8441
RE1,WTRPRC,LNDMAIRNF,2022,1,SN,0.8651
RE1,WTRPRC,LNDMAIRNF,2023,1,SN,0.8852
RE1,WTRPRC,LNDMAIRNF,2024,1,SN,0.9057
RE1,WTRPRC,LNDMAIRNF,2025,1,SN,0.9323
RE1,WTRPRC,LNDMAIRNF,2026,1,SN,0.9523
RE1,WTRPRC,LNDMAIRNF,2027,1,SN,0.9725
RE1,WTRPRC,LNDMAIRNF,2028,1,SN,0.9988
RE1,WTRPRC,LNDMAIRNF,2029,1,SN,1.0248
RE1,WTRPRC,LNDMAIRNF,2030,1,SN,1.0511
RE1,WTRPRC,LNDMAIRNF,2031,1,SN,1.077
RE1,WTRPRC,LNDMAIRNF,2032,1,SN,1.1025
RE1,WTRPRC,LNDMAIRNF,2033,1,SN,1.1277
RE1,WTRPRC,LNDMAIRNF,2034,1,SN,1.1524
RE1,WTRPRC,LNDMAIRNF,2035,1,SN,1.1773
RE1,AGRDSL,LNDRICIRR,2020,1,SN,0.0437
RE1,AGRDSL,LNDRICIRR,2021,1,SN,0.0459
RE1,AGRDSL,LNDRICIRR,2022,1,SN,0.0482
RE1,AGRDSL,LNDRICIRR,2023,1,SN,0.0506
RE1,AGRDSL,LNDRICIRR,2024,1,SN,0.0531
RE1,AGRDSL,LNDRICIRR,2025,1,SN,0.0558
RE1,AGRDSL,LNDRICIRR,2026,1,SN,0.0586
RE1,AGRDSL,LNDRICIRR,2027,1,SN,0.0615
RE1,AGRDSL,LNDRICIRR,2028,1,SN,0.0646
RE1,AGRDSL,LNDRICIRR,2029,1,SN,0.0678
RE1,AGRDSL,LNDRICIRR,2030,1,SN,0.0712
RE1,AGRDSL,LNDRICIRR,2031,1,SN,0.0748
RE1,AGRDSL,LNDRICIRR,2032,1,SN,0.0785
RE1,AGRDSL,LNDRICIRR,2033,1,SN,0.0824
RE1,AGRDSL,LNDRICIRR,2034,1,SN,0.0865
RE1,AGRDSL,LNDRICIRR,2035,1,SN,0.0909
RE1,AGRWAT,LNDRICIRR,2020,1,SN,0.0401
RE1,AGRWAT,LNDRICIRR,2021,1,SN,0.0422
RE1,AGRWAT,LNDRICIRR,2022,1,SN,0.0443
RE1,AGRWAT,LNDRICIRR,2023,1,SN,0.0465
RE1,AGRWAT,LNDRICIRR,2024,1,SN,0.0488
RE1,AGRWAT,LNDRICIRR,2025,1,SN,0.0512
RE1,AGRWAT,LNDRICIRR,2026,1,SN,0.0538
RE1,AGRWAT,LNDRICIRR,2027,1,SN,0.0565
RE1,AGRWAT,LNDRICIRR,2028,1,SN,0.0593
RE1,AGRWAT,LNDRICIRR,2029,1,SN,0.0623
RE1,AGRWAT,LNDRICIRR,2030,1,SN,0.0654
RE1,AGRWAT,LNDRICIRR,2031,1,SN,0.0687
RE1,AGRWAT,LNDRICIRR,2032,1,SN,0.0721
RE1,AGRWAT,LNDRICIRR,2033,1,SN,0.0757
RE1,AGRWAT,LNDRICIRR,2034,1,SN,0.0795
RE1,AGRWAT,LNDRICIRR,2035,1,SN,0.0835
RE1,LND,LNDRICIRR,2020,1,SN,0.0892
RE1,LND,LNDRICIRR,2021,1,SN,0.0937
RE1,LND,LNDRICIRR,2022,1,SN,0.0983
RE1,LND,LNDRICIRR,2023,1,SN,0.1033
RE1,LND,LNDRICIRR,2024,1,SN,0.1084
RE1,LND,LNDRICIRR,2025,1,SN,0.1139
RE1,LND,LNDRICIRR,2026,1,SN,0.1195
RE1,LND,LNDRICIRR,2027,1,SN,0.1255
RE1,LND,LNDRICIRR,2028,1,SN,0.1318
RE1,LND,LNDRICIRR,2029,1,SN,0.1384
RE1,LND,LNDRICIRR,2030,1,SN,0.1453
RE1,LND,LNDRICIRR,2031,1,SN,0.1526
RE1,LND,LNDRICIRR,2032,1,SN,0.1602
RE1,LND,LNDRICIRR,2033,1,SN,0.1682
RE1,LND,LNDRICIRR,2034,1,SN,0.1766
RE1,LND,LNDRICIRR,2035,1,SN,0.1855
RE1,WTRPRC,LNDRICIRR,2020,1,SN,0.107
RE1,WTRPRC,LNDRICIRR,2021,1,SN,0.1124
RE1,WTRPRC,LNDRICIRR,2022,1,SN,0.118
RE1,WTRPRC,LNDRICIRR,2023,1,SN,0.1239
RE1,WTRPRC,LNDRICIRR,2024,1,SN,0.1301
RE1,WTRPRC,LNDRICIRR,2025,1,SN,0.1366
RE1,WTRPRC,LNDRICIRR,2026,1,SN,0.1435
RE1,WTRPRC,LNDRICIRR,2027,1,SN,0.1506
RE1,WTRPRC,LNDRICIRR,2028,1,SN,0.1582
RE1,WTRPRC,LNDRICIRR,2029,1,SN,0.1661
RE1,WTRPRC,LNDRICIRR,2030,1,SN,0.1744
RE1,WTRPRC,LNDRICIRR,2031,1,SN,0.1831
RE1,WTRPRC,LNDRICIRR,2032,1,SN,0.1922
RE1,WTRPRC,LNDRICIRR,2033,1,SN,0.2019
RE1,WTRPRC,LNDRICIRR,2034,1,SN,0.2119
RE1,WTRPRC,LNDRICIRR,2035,1,SN,0.2225
RE1,AGRDSL,LNDRICRNF,2020,1,SN,0.0703
RE1,AGRDSL,LNDRICRNF,2021,1,SN,0.0702
RE1,AGRDSL,LNDRICRNF,2022,1,SN,0.0701
RE1,AGRDSL,LNDRICRNF,2023,1,SN,0.07
RE1,AGRDSL,LNDRICRNF,2024,1,SN,0.0698
RE1,AGRDSL,LNDRICRNF,2025,1,SN,0.0695
RE1,AGRDSL,LNDRICRNF,2026,1,SN,0.0691
RE1,AGRDSL,LNDRICRNF,2027,1,SN,0.0686
RE1,AGRDSL,LNDRICRNF,2028,1,SN,0.068
RE1,AGRDSL,LNDRICRNF,2029,1,SN,0.0673
RE1,AGRDSL,LNDRICRNF,2030,1,SN,0.0665
RE1,AGRDSL,LNDRICRNF,2031,1,SN,0.0655
RE1,AGRDSL,LNDRICRNF,2032,1,SN,0.0645
RE1,AGRDSL,LNDRICRNF,2033,1,SN,0.0633
RE1,AGRDSL,LNDRICRNF,2034,1,SN,0.0619
RE1,AGRDSL,LNDRICRNF,2035,1,SN,0.0604
RE1,LND,LNDRICRNF,2020,1,SN,0.2391
RE1,LND,LNDRICRNF,2021,1,SN,0.2387
RE1,LND,LNDRICRNF,2022,1,SN,0.2384
RE1,LND,LNDRICRNF,2023,1,SN,0.238
RE1,LND,LNDRICRNF,2024,1,SN,0.2374
RE1,LND,LNDRICRNF,2025,1,SN,0.2363
RE1,LND,LNDRICRNF,2026,1,SN,0.2351
RE1,LND,LNDRICRNF,2027,1,SN,0.2333
RE1,LND,LNDRICRNF,2028,1,SN,0.2313
RE1,LND,LNDRICRNF,2029,1,SN,0.229
RE1,LND,LNDRICRNF,2030,1,SN,0.2261
RE1,LND,LNDRICRNF,2031,1,SN,0.2229
RE1,LND,LNDRICRNF,2032,1,SN,0.2193
RE1,LND,LNDRICRNF,2033,1,SN,0.2153
RE1,LND,LNDRICRNF,2034,1,SN,0.2106
RE1,LND,LNDRICRNF,2035,1,SN,0.2054
RE1,WTRPRC,LNDRICRNF,2020,1,SN,0.2869
RE1,WTRPRC,LNDRICRNF,2021,1,SN,0.2865
RE1,WTRPRC,LNDRICRNF,2022,1,SN,0.2861
RE1,WTRPRC,LNDRICRNF,2023,1,SN,0.2856
RE1,WTRPRC,LNDRICRNF,2024,1,SN,0.2849
RE1,WTRPRC,LNDRICRNF,2025,1,SN,0.2836
RE1,WTRPRC,LNDRICRNF,2026,1,SN,0.2821
RE1,WTRPRC,LNDRICRNF,2027,1,SN,0.2799
RE1,WTRPRC,LNDRICRNF,2028,1,SN,0.2775
RE1,WTRPRC,LNDRICRNF,2029,1,SN,0.2748
RE1,WTRPRC,LNDRICRNF,2030,1,SN,0.2713
RE1,WTRPRC,LNDRICRNF,2031,1,SN,0.2674
RE1,WTRPRC,LNDRICRNF,2032,1,SN,0.2631
RE1,WTRPRC,LNDRICRNF,2033,1,SN,0.2583
RE1,WTRPRC,LNDRICRNF,2034,1,SN,0.2527
RE1,WTRPRC,LNDRICRNF,2035,1,SN,0.2465
RE1,LND,LNDWAT,2020,1,SN,4.2035
RE1,LND,LNDWAT,2021,1,SN,4.1544
RE1,LND,LNDWAT,2022,1,SN,4.1043
RE1,LND,LNDWAT,2023,1,SN,4.0547
RE1,LND,LNDWAT,2024,1,SN,4.0029
RE1,LND,LNDWAT,2025,1,SN,3.946
RE1,LND,LNDWAT,2026,1,SN,3.8962
RE1,LND,LNDWAT,2027,1,SN,3.8444
RE1,LND,LNDWAT,2028,1,SN,3.7873
RE1,LND,LNDWAT,2029,1,SN,3.7286
RE1,LND,LNDWAT,2030,1,SN,3.6714
RE1,LND,LNDWAT,2031,1,SN,3.6126
RE1,LND,LNDWAT,2032,1,SN,3.5555
RE1,LND,LNDWAT,2033,1,SN,3.4969
RE1,LND,LNDWAT,2034,1,SN,3.4386
RE1,LND,LNDWAT,2035,1,SN,3.38
RE1,WTRPRC,LNDWAT,2020,1,SN,5.0442
RE1,WTRPRC,LNDWAT,2021,1,SN,4.9852
RE1,WTRPRC,LNDWAT,2022,1,SN,4.9252
RE1,WTRPRC,LNDWAT,2023,1,SN,4.8657
RE1,WTRPRC,LNDWAT,2024,1,SN,4.8035
RE1,WTRPRC,LNDWAT,2025,1,SN,4.7352
RE1,WTRPRC,LNDWAT,2026,1,SN,4.6754
RE1,WTRPRC,LNDWAT,2027,1,SN,4.6133
RE1,WTRPRC,LNDWAT,2028,1,SN,4.5448
RE1,WTRPRC,LNDWAT,2029,1,SN,4.4743
RE1,WTRPRC,LNDWAT,2030,1,SN,4.4057
RE1,WTRPRC,LNDWAT,2031,1,SN,4.3351
RE1,WTRPRC,LNDWAT,2032,1,SN,4.2666
RE1,WTRPRC,LNDWAT,2033,1,SN,4.1962
RE1,WTRPRC,LNDWAT,2034,1,SN,4.1263
RE1,WTRPRC,LNDWAT,2035,1,SN,4.056
RE1,COA,PWRCOA,2020,1,SN,40.3942
RE1,COA,PWRCOA,2021,1,SN,40.2254
RE1,COA,PWRCOA,2022,1,SN,41.0002
RE1,COA,PWRCOA,2023,1,SN,42.1138
RE1,COA,PWRCOA,2024,1,SN,43.2292
RE1,COA,PWRCOA,2025,1,SN,44.6851
RE1,COA,PWRCOA,2026,1,SN,47.4173
RE1,COA,PWRCOA,2027,1,SN,50.0829
RE1,COA,PWRCOA,2028,1,SN,52.8848
RE1,COA,PWRCOA,2029,1,SN,55.6295
RE1,COA,PWRCOA,2030,1,SN,55.6295
RE1,COA,PWRCOA,2031,1,SN,55.6295
RE1,COA,PWRCOA,2032,1,SN,55.6295
RE1,COA,PWRCOA,2033,1,SN,55.6295
RE1,COA,PWRCOA,2034,1,SN,55.6295
RE1,COA,PWRCOA,2035,1,SN,55.6295
RE1,PWRWAT,PWRCOA,2020,1,SN,0.0094
RE1,PWRWAT,PWRCOA,2021,1,SN,0.0094
RE1,PWRWAT,PWRCOA,2022,1,SN,0.0096
RE1,PWRWAT,PWRCOA,2023,1,SN,0.0098
RE1,PWRWAT,PWRCOA,2024,1,SN,0.0101
RE1,PWRWAT,PWRCOA,2025,1,SN,0.0104
RE1,PWRWAT,PWRCOA,2026,1,SN,0.0111
RE1,PWRWAT,PWRCOA,2027,1,SN,0.0117
RE1,PWRWAT,PWRCOA,2028,1,SN,0.0123
RE1,PWRWAT,PWRCOA,2029,1,SN,0.013
RE1,PWRWAT,PWRCOA,2030,1,SN,0.013
RE1,PWRWAT,PWRCOA,2031,1,SN,0.013
RE1,PWRWAT,PWRCOA,2032,1,SN,0.013
RE1,PWRWAT,PWRCOA,2033,1,SN,0.013
RE1,PWRWAT,PWRCOA,2034,1,SN,0.013
RE1,PWRWAT,PWRCOA,2035,1,SN,0.013
RE1,GAS,PWRGAS,2029,1,SN,0.5072
RE1,GAS,PWRGAS,2030,1,SN,3.0804
RE1,GAS,PWRGAS,2031,1,SN,5.8929
RE1,GAS,PWRGAS,2032,1,SN,9.1812
RE1,GAS,PWRGAS,2033,1,SN,12.7095
RE1,GAS,PWRGAS,2034,1,SN,16.715
RE1,GAS,PWRGAS,2035,1,SN,20.9617
RE1,PWRWAT,PWRGAS,2029,1,SN,0.0001
RE1,PWRWAT,PWRGAS,2030,1,SN,0.0003
RE1,PWRWAT,PWRGAS,2031,1,SN,0.0006
RE1,PWRWAT,PWRGAS,2032,1,SN,0.0009
RE1,PWRWAT,PWRGAS,2033,1,SN,0.0013
RE1,PWRWAT,PWRGAS,2034,1,SN,0.0017
RE1,PWRWAT,PWRGAS,2035,1,SN,0.0021
RE1,HYD,PWRHYD,2020,1,SN,6.3577
RE1,HYD,PWRHYD,2021,1,SN,6.3577
RE1,HYD,PWRHYD,2022,1,SN,6.3577
RE1,HYD,PWRHYD,2023,1,SN,6.3577
RE1,HYD,PWRHYD,2024,1,SN,6.3577
RE1,HYD,PWRHYD,2025,1,SN,6.3577
RE1,HYD,PWRHYD,2026,1,SN,6.3577
RE1,HYD,PWRHYD,2027,1,SN,6.3577
RE1,HYD,PWRHYD,2028,1,SN,6.3577
RE1,HYD,PWRHYD,2029,1,SN,6.3577
RE1,HYD,PWRHYD,2030,1,SN,6.3577
RE1,HYD,PWRHYD,2031,1,SN,6.3577
RE1,HYD,PWRHYD,2032,1,SN,6.3577
RE1,HYD,PWRHYD,2033,1,SN,6.3577
RE1,HYD,PWRHYD,2034,1,SN,6.3577
RE1,HYD,PWRHYD,2035,1,SN,6.3577
RE1,SOL,PWRSOL,2021,1,SN,0.0426
RE1,SOL,PWRSOL,2022,1,SN,0.1549
RE1,SOL,PWRSOL,2023,1,SN,0.2835
RE1,SOL,PWRSOL,2024,1,SN,0.4124
RE1,SOL,PWRSOL,2025,1,SN,0.5575
RE1,SOL,PWRSOL,2026,1,SN,0.5575
RE1,SOL,PWRSOL,2027,1,SN,0.5802
RE1,SOL,PWRSOL,2028,1,SN,0.6794
RE1,SOL,PWRSOL,2029,1,SN,0.7986
RE1,SOL,PWRSOL,2030,1,SN,0.9284
RE1,SOL,PWRSOL,2031,1,SN,1.0683
RE1,SOL,PWRSOL,2032,1,SN,1.2298
RE1,SOL,PWRSOL,2033,1,SN,1.4018
RE1,SOL,PWRSOL,2034,1,SN,1.5942
RE1,SOL,PWRSOL,2035,1,SN,1.7972
RE1,ELC001,PWRTRN,2020,1,SN,21.4118
RE1,ELC001,PWRTRN,2021,1,SN,22.945
RE1,ELC001,PWRTRN,2022,1,SN,24.7927
RE1,ELC001,PWRTRN,2023,1,SN,26.7533
RE1,ELC001,PWRTRN,2024,1,SN,28.7145
RE1,ELC001,PWRTRN,2025,1,SN,30.7892
RE1,ELC001,PWRTRN,2026,1,SN,33.2893
RE1,ELC001,PWRTRN,2027,1,SN,35.7673
RE1,ELC001,PWRTRN,2028,1,SN,38.2906
RE1,ELC001,PWRTRN,2029,1,SN,41.0486
RE1,ELC001,PWRTRN,2030,1,SN,43.9246
RE1,ELC001,PWRTRN,2031,1,SN,46.9202
RE1,ELC001,PWRTRN,2032,1,SN,50.1538
RE1,ELC001,PWRTRN,2033,1,SN,53.5074
RE1,ELC001,PWRTRN,2034,1,SN,57.0995
RE1,ELC001,PWRTRN,2035,1,SN,60.8123
RE1,WND,PWRWND,2020,1,SN,1.5894
RE1,WND,PWRWND,2021,1,SN,3.1788
RE1,WND,PWRWND,2022,1,SN,4.7682
RE1,WND,PWRWND,2023,1,SN,6.3577
RE1,WND,PWRWND,2024,1,SN,7.9471
RE1,WND,PWRWND,2025,1,SN,9.5365
RE1,WND,PWRWND,2026,1,SN,11.1259
RE1,WND,PWRWND,2027,1,SN,12.7153
RE1,WND,PWRWND,2028,1,SN,14.3047
RE1,WND,PWRWND,2029,1,SN,15.8941
RE1,WND,PWRWND,2030,1,SN,17.4836
RE1,WND,PWRWND,2031,1,SN,19.073
RE1,WND,PWRWND,2032,1,SN,20.6624
RE1,WND,PWRWND,2033,1,SN,22.2518
RE1,WND,PWRWND,2034,1,SN,23.8412
RE1,WND,PWRWND,2035,1,SN,25.4306
RE1,WTRRUN,RSCHYD,2020,1,SN,15.8941
RE1,WTRRUN,RSCHYD,2021,1,SN,15.8941
RE1,WTRRUN,RSCHYD,2022,1,SN,15.8941
RE1,WTRRUN,RSCHYD,2023,1,SN,15.8941
RE1,WTRRUN,RSCHYD,2024,1,SN,15.8941
RE1,WTRRUN,RSCHYD,2025,1,SN,15.8941
RE1,WTRRUN,RSCHYD,2026,1,SN,15.8941
RE1,WTRRUN,RSCHYD,2027,1,SN,15.8941
RE1,WTRRUN,RSCHYD,2028,1,SN,15.8941
RE1,WTRRUN,RSCHYD,2029,1,SN,15.8941
RE1,WTRRUN,RSCHYD,2030,1,SN,15.8941
RE1,WTRRUN,RSCHYD,2031,1,SN,15.8941
RE1,WTRRUN,RSCHYD,2032,1,SN,15.8941
RE1,WTRRUN,RSCHYD,2033,1,SN,15.8941
RE1,WTRRUN,RSCHYD,2034,1,SN,15.8941
RE1,WTRRUN,RSCHYD,2035,1,SN,15.8941
RE1,ELC002,DEMAGRGWTWAT,2026,1,WD,0.0163
RE1,ELC002,DEMAGRGWTWAT,2027,1,WD,0.0483
RE1,ELC002,DEMAGRGWTWAT,2028,1,WD,0.0718
RE1,ELC002,DEMAGRGWTWAT,2029,1,WD,0.0624
RE1,ELC002,DEMAGRGWTWAT,2030,1,WD,0.0531
RE1,ELC002,DEMAGRGWTWAT,2031,1,WD,0.0406
RE1,ELC002,DEMAGRGWTWAT,2032,1,WD,0.0312
RE1,ELC002,DEMAGRGWTWAT,2033,1,WD,0.0218
RE1,ELC002,DEMAGRGWTWAT,2034,1,WD,0.0094
RE1,ELC002,DEMAGRSURWAT,2020,1,WD,0.1209
RE1,ELC002,DEMAGRSURWAT,2021,1,WD,0.127
RE1,ELC002,DEMAGRSURWAT,2022,1,WD,0.1333
RE1,ELC002,DEMAGRSURWAT,2023,1,WD,0.14
RE1,ELC002,DEMAGRSURWAT,2024,1,WD,0.147
RE1,ELC002,DEMAGRSURWAT,2025,1,WD,0.1544
RE1,ELC002,DEMAGRSURWAT,2026,1,WD,0.1491
RE1,ELC002,DEMAGRSURWAT,2027,1,WD,0.1317
RE1,ELC002,DEMAGRSURWAT,2028,1,WD,0.1215
RE1,ELC002,DEMAGRSURWAT,2029,1,WD,0.1379
RE1,ELC002,DEMAGRSURWAT,2030,1,WD,0.1548
RE1,ELC002,DEMAGRSURWAT,2031,1,WD,0.1745
RE1,ELC002,DEMAGRSURWAT,2032,1,WD,0.1923
RE1,ELC002,DEMAGRSURWAT,2033,1,WD,0.2107
RE1,ELC002,DEMAGRSURWAT,2034,1,WD,0.232
RE1,ELC002,DEMAGRSURWAT,2035,1,WD,0.2514
RE1,WTRSUR,DEMAGRSURWAT,2020,1,WD,0.1406
RE1,WTRSUR,DEMAGRSURWAT,2021,1,WD,0.1477
RE1,WTRSUR,DEMAGRSURWAT,2022,1,WD,0.155
RE1,WTRSUR,DEMAGRSURWAT,2023,1,WD,0.1628
RE1,WTRSUR,DEMAGRSURWAT,2024,1,WD,0.1709
RE1,WTRSUR,DEMAGRSURWAT,2025,1,WD,0.1795
RE1,WTRSUR,DEMAGRSURWAT,2026,1,WD,0.1734
RE1,WTRSUR,DEMAGRSURWAT,2027,1,WD,0.1532
RE1,WTRSUR,DEMAGRSURWAT,2028,1,WD,0.1413
RE1,WTRSUR,DEMAGRSURWAT,2029,1,WD,0.1604
RE1,WTRSUR,DEMAGRSURWAT,2030,1,WD,0.18
RE1,WTRSUR,DEMAGRSURWAT,2031,1,WD,0.203
RE1,WTRSUR,DEMAGRSURWAT,2032,1,WD,0.2237
RE1,WTRSUR,DEMAGRSURWAT,2033,1,WD,0.245
RE1,WTRSUR,DEMAGRSURWAT,2034,1,WD,0.2698
RE1,WTRSUR,DEMAGRSURWAT,2035,1,WD,0.2924
RE1,ELC002,DEMPUBGWTWAT,2020,1,WD,1.0079
RE1,ELC002,DEMPUBGWTWAT,2021,1,WD,0.9413
RE1,ELC002,DEMPUBGWTWAT,2022,1,WD,0.8802
RE1,ELC002,DEMPUBGWTWAT,2023,1,WD,0.8068
RE1,ELC002,DEMPUBGWTWAT,2024,1,WD,0.7457
RE1,ELC002,DEMPUBGWTWAT,2025,1,WD,0.6724
RE1,ELC002,DEMPUBGWTWAT,2026,1,WD,0.6112
RE1,ELC002,DEMPUBGWTWAT,2027,1,WD,0.5379
RE1,ELC002,DEMPUBGWTWAT,2028,1,WD,0.4768
RE1,ELC002,DEMPUBGWTWAT,2029,1,WD,0.4034
RE1,ELC002,DEMPUBGWTWAT,2030,1,WD,0.3423
RE1,ELC002,DEMPUBGWTWAT,2031,1,WD,0.2689
RE1,ELC002,DEMPUBGWTWAT,2032,1,WD,0.2078
RE1,ELC002,DEMPUBGWTWAT,2033,1,WD,0.1345
RE1,ELC002,DEMPUBGWTWAT,2034,1,WD,0.0733
RE1,ELC002,DEMPUBSURWAT,2020,1,WD,0.7498
RE1,ELC002,DEMPUBSURWAT,2021,1,WD,0.8947
RE1,ELC002,DEMPUBSURWAT,2022,1,WD,1.0415
RE1,ELC002,DEMPUBSURWAT,2023,1,WD,1.1995
RE1,ELC002,DEMPUBSURWAT,2024,1,WD,1.3536
RE1,ELC002,DEMPUBSURWAT,2025,1,WD,1.5216
RE1,ELC002,DEMPUBSURWAT,2026,1,WD,1.6857
RE1,ELC002,DEMPUBSURWAT,2027,1,WD,1.8623
RE1,ELC002,DEMPUBSURWAT,2028,1,WD,2.0379
RE1,ELC002,DEMPUBSURWAT,2029,1,WD,2.226
RE1,ELC002,DEMPUBSURWAT,2030,1,WD,2.4131
RE1,ELC002,DEMPUBSURWAT,2031,1,WD,2.614
RE1,ELC002,DEMPUBSURWAT,2032,1,WD,2.8126
RE1,ELC002,DEMPUBSURWAT,2033,1,WD,3.0264
RE1,ELC002,DEMPUBSURWAT,2034,1,WD,3.2394
RE1,ELC002,DEMPUBSURWAT,2035,1,WD,3.469
RE1,WTRSUR,DEMPUBSURWAT,2020,1,WD,0.2659
RE1,WTRSUR,DEMPUBSURWAT,2021,1,WD,0.3173
RE1,WTRSUR,DEMPUBSURWAT,2022,1,WD,0.3693
RE1,WTRSUR,DEMPUBSURWAT,2023,1,WD,0.4254
RE1,WTRSUR,DEMPUBSURWAT,2024,1,WD,0.48
RE1,WTRSUR,DEMPUBSURWAT,2025,1,WD,0.5396
RE1,WTRSUR,DEMPUBSURWAT,2026,1,WD,0.5978
RE1,WTRSUR,DEMPUBSURWAT,2027,1,WD,0.6604
RE1,WTRSUR,DEMPUBSURWAT,2028,1,WD,0.7226
RE1,WTRSUR,DEMPUBSURWAT,2029,1,WD,0.7893
RE1,WTRSUR,DEMPUBSURWAT,2030,1,WD,0.8557
RE1,WTRSUR,DEMPUBSURWAT,2031,1,WD,0.927
RE1,WTRSUR,DEMPUBSURWAT,2032,1,WD,0.9974
RE1,WTRSUR,DEMPUBSURWAT,2033,1,WD,1.0732
RE1,WTRSUR,DEMPUBSURWAT,2034,1,WD,1.1487
RE1,WTRSUR,DEMPUBSURWAT,2035,1,WD,1.2302
RE1,ELC002,DEMPWRSURWAT,2020,1,WD,0.1185
RE1,ELC002,DEMPWRSURWAT,2021,1,WD,0.1189
RE1,ELC002,DEMPWRSURWAT,2022,1,WD,0.1189
RE1,ELC002,DEMPWRSURWAT,2023,1,WD,0.1189
RE1,ELC002,DEMPWRSURWAT,2024,1,WD,0.1189
RE1,ELC002,DEMPWRSURWAT,2025,1,WD,0.1189
RE1,ELC002,DEMPWRSURWAT,2026,1,WD,0.098
RE1,ELC002,DEMPWRSURWAT,2027,1,WD,0.1008
RE1,ELC002,DEMPWRSURWAT,2028,1,WD,0.1026
RE1,ELC002,DEMPWRSURWAT,2029,1,WD,0.1046
RE1,ELC002,DEMPWRSURWAT,2030,1,WD,0.1066
RE1,ELC002,DEMPWRSURWAT,2031,1,WD,0.1088
RE1,ELC002,DEMPWRSURWAT,2032,1,WD,0.1112
RE1,ELC002,DEMPWRSURWAT,2033,1,WD,0.1138
RE1,ELC002,DEMPWRSURWAT,2034,1,WD,0.1165
RE1,ELC002,DEMPWRSURWAT,2035,1,WD,0.1193
RE1,WTRSUR,DEMPWRSURWAT,2020,1,WD,0.042
RE1,WTRSUR,DEMPWRSURWAT,2021,1,WD,0.0422
RE1,WTRSUR,DEMPWRSURWAT,2022,1,WD,0.0422
RE1,WTRSUR,DEMPWRSURWAT,2023,1,WD,0.0422
RE1,WTRSUR,DEMPWRSURWAT,2024,1,WD,0.0422
RE1,WTRSUR,DEMPWRSURWAT,2025,1,WD,0.0422
RE1,WTRSUR,DEMPWRSURWAT,2026,1,WD,0.0348
RE1,WTRSUR,DEMPWRSURWAT,2027,1,WD,0.0357
RE1,WTRSUR,DEMPWRSURWAT,2028,1,WD,0.0364
RE1,WTRSUR,DEMPWRSURWAT,2029,1,WD,0.0371
RE1,WTRSUR,DEMPWRSURWAT,2030,1,WD,0.0378
RE1,WTRSUR,DEMPWRSURWAT,2031,1,WD,0.0386
RE1,WTRSUR,DEMPWRSURWAT,2032,1,WD,0.0394
RE1,WTRSUR,DEMPWRSURWAT,2033,1,WD,0.0403
RE1,WTRSUR,DEMPWRSURWAT,2034,1,WD,0.0413
RE1,WTRSUR,DEMPWRSURWAT,2035,1,WD,0.0423
RE1,CRPMAI,DEMTRABIO,2020,1,WD,0.3424
RE1,CRPMAI,DEMTRABIO,2021,1,WD,0.3527
RE1,CRPMAI,DEMTRABIO,2022,1,WD,0.363
RE1,CRPMAI,DEMTRABIO,2023,1,WD,0.3732
RE1,CRPMAI,DEMTRABIO,2024,1,WD,0.3835
RE1,CRPMAI,DEMTRABIO,2025,1,WD,0.3972
RE1,CRPMAI,DEMTRABIO,2026,1,WD,0.4075
RE1,CRPMAI,DEMTRABIO,2027,1,WD,0.4177
RE1,CRPMAI,DEMTRABIO,2028,1,WD,0.4314
RE1,CRPMAI,DEMTRABIO,2029,1,WD,0.4451
RE1,CRPMAI,DEMTRABIO,2030,1,WD,0.4588
RE1,CRPMAI,DEMTRABIO,2031,1,WD,0.4725
RE1,CRPMAI,DEMTRABIO,2032,1,WD,0.4862
RE1,CRPMAI,DEMTRABIO,2033,1,WD,0.4999
RE1,CRPMAI,DEMTRABIO,2034,1,WD,0.5136
RE1,CRPMAI,DEMTRABIO,2035,1,WD,0.5273
RE1,LND,LNDBLT,2020,1,WD,4.335
RE1,LND,LNDBLT,2021,1,WD,4.3784
RE1,LND,LNDBLT,2022,1,WD,4.4217
RE1,LND,LNDBLT,2023,1,WD,4.465
RE1,LND,LNDBLT,2024,1,WD,4.5113
RE1,LND,LNDBLT,2025,1,WD,4.5575
RE1,LND,LNDBLT,2026,1,WD,4.6009
RE1,LND,LNDBLT,2027,1,WD,4.6471
RE1,LND,LNDBLT,2028,1,WD,4.6934
RE1,LND,LNDBLT,2029,1,WD,4.7425
RE1,LND,LNDBLT,2030,1,WD,4.7887
RE1,LND,LNDBLT,2031,1,WD,4.8379
RE1,LND,LNDBLT,2032,1,WD,4.8841
RE1,LND,LNDBLT,2033,1,WD,4.9332
RE1,LND,LNDBLT,2034,1,WD,4.9824
RE1,LND,LNDBLT,2035,1,WD,5.0315
RE1,WTRPRC,LNDBLT,2020,1,WD,5.202
RE1,WTRPRC,LNDBLT,2021,1,WD,5.254
RE1,WTRPRC,LNDBLT,2022,1,WD,5.306
RE1,WTRPRC,LNDBLT,2023,1,WD,5.3581
RE1,WTRPRC,LNDBLT,2024,1,WD,5.4135
RE1,WTRPRC,LNDBLT,2025,1,WD,5.469
RE1,WTRPRC,LNDBLT,2026,1,WD,5.5211
RE1,WTRPRC,LNDBLT,2027,1,WD,5.5765
RE1,WTRPRC,LNDBLT,2028,1,WD,5.632
RE1,WTRPRC,LNDBLT,2029,1,WD,5.691
RE1,WTRPRC,LNDBLT,2030,1,WD,5.7465
RE1,WTRPRC,LNDBLT,2031,1,WD,5.8054
RE1,WTRPRC,LNDBLT,2032,1,WD,5.8609
RE1,WTRPRC,LNDBLT,2033,1,WD,5.9199
RE1,WTRPRC,LNDBLT,2034,1,WD,5.9788
RE1,WTRPRC,LNDBLT,2035,1,WD,6.0378
RE1,LND,LNDFOR,2020,1,WD,73.2904
RE1,LND,LNDFOR,2021,1,WD,72.9976
RE1,LND,LNDFOR,2022,1,WD,72.6998
RE1,LND,LNDFOR,2023,1,WD,72.4046
RE1,LND,LNDFOR,2024,1,WD,72.0964
RE1,LND,LNDFOR,2025,1,WD,71.7577
RE1,LND,LNDFOR,2026,1,WD,71.4609
RE1,LND,LNDFOR,2027,1,WD,71.1529
RE1,LND,LNDFOR,2028,1,WD,70.813
RE1,LND,LNDFOR,2029,1,WD,70.4634
RE1,LND,LNDFOR,2030,1,WD,70.1228
RE1,LND,LNDFOR,2031,1,WD,69.7727
RE1,LND,LNDFOR,2032,1,WD,69.433
RE1,LND,LNDFOR,2033,1,WD,69.084
RE1,LND,LNDFOR,2034,1,WD,68.7373
RE1,LND,LNDFOR,2035,1,WD,68.3886
RE1,WTRPRC,LNDFOR,2020,1,WD,87.9485
RE1,WTRPRC,LNDFOR,2021,1,WD,87.5972
RE1,WTRPRC,LNDFOR,2022,1,WD,87.2398
RE1,WTRPRC,LNDFOR,2023,1,WD,86.8856
RE1,WTRPRC,LNDFOR,2024,1,WD,86.5156
RE1,WTRPRC,LNDFOR,2025,1,WD,86.1092
RE1,WTRPRC,LNDFOR,2026,1,WD,85.7531
RE1,WTRPRC,LNDFOR,2027,1,WD,85.3834
RE1,WTRPRC,LNDFOR,2028,1,WD,84.9756
RE1,WTRPRC,LNDFOR,2029,1,WD,84.5561
RE1,WTRPRC,LNDFOR,2030,1,WD,84.1474
RE1,WTRPRC,LNDFOR,2031,1,WD,83.7272
RE1,WTRPRC,LNDFOR,2032,1,WD,83.3196
RE1,WTRPRC,LNDFOR,2033,1,WD,82.9008
RE1,WTRPRC,LNDFOR,2034,1,WD,82.4848
RE1,WTRPRC,LNDFOR,2035,1,WD,82.0663
RE1,AGRDSL,LNDMAIIRR,2020,1,WD,0.048
RE1,AGRDSL,LNDMAIIRR,2021,1,WD,0.0504
RE1,AGRDSL,LNDMAIIRR,2022,1,WD,0.0529
RE1,AGRDSL,LNDMAIIRR,2023,1,WD,0.0556
RE1,AGRDSL,LNDMAIIRR,2024,1,WD,0.0584
RE1,AGRDSL,LNDMAIIRR,2025,1,WD,0.0613
RE1,AGRDSL,LNDMAIIRR,2026,1,WD,0.0643
RE1,AGRDSL,LNDMAIIRR,2027,1,WD,0.0675
RE1,AGRDSL,LNDMAIIRR,2028,1,WD,0.0709
RE1,AGRDSL,LNDMAIIRR,2029,1,WD,0.0745
RE1,AGRDSL,LNDMAIIRR,2030,1,WD,0.0782
RE1,AGRDSL,LNDMAIIRR,2031,1,WD,0.0821
RE1,AGRDSL,LNDMAIIRR,2032,1,WD,0.0862
RE1,AGRDSL,LNDMAIIRR,2033,1,WD,0.0905
RE1,AGRDSL,LNDMAIIRR,2034,1,WD,0.095
RE1,AGRDSL,LNDMAIIRR,2035,1,WD,0.0998
RE1,AGRWAT,LNDMAIIRR,2020,1,WD,0.0294
RE1,AGRWAT,LNDMAIIRR,2021,1,WD,0.0309
RE1,AGRWAT,LNDMAIIRR,2022,1,WD,0.0324
RE1,AGRWAT,LNDMAIIRR,2023,1,WD,0.034
RE1,AGRWAT,LNDMAIIRR,2024,1,WD,0.0357
RE1,AGRWAT,LNDMAIIRR,2025,1,WD,0.0375
RE1,AGRWAT,LNDMAIIRR,2026,1,WD,0.0394
RE1,AGRWAT,LNDMAIIRR,2027,1,WD,0.0414
RE1,AGRWAT,LNDMAIIRR,2028,1,WD,0.0434
RE1,AGRWAT,LNDMAIIRR,2029,1,WD,0.0456
RE1,AGRWAT,LNDMAIIRR,2030,1,WD,0.0479
RE1,AGRWAT,LNDMAIIRR,2031,1,WD,0.0503
RE1,AGRWAT,LNDMAIIRR,2032,1,WD,0.0528
RE1,AGRWAT,LNDMAIIRR,2033,1,WD,0.0554
RE1,AGRWAT,LNDMAIIRR,2034,1,WD,0.0582
RE1,AGRWAT,LNDMAIIRR,2035,1,WD,0.0611
RE1,LND,LNDMAIIRR,2020,1,WD,0.098
RE1,LND,LNDMAIIRR,2021,1,WD,0.1029
RE1,LND,LNDMAIIRR,2022,1,WD,0.108
RE1,LND,LNDMAIIRR,2023,1,WD,0.1134
RE1,LND,LNDMAIIRR,2024,1,WD,0.1191
RE1,LND,LNDMAIIRR,2025,1,WD,0.1251
RE1,LND,LNDMAIIRR,2026,1,WD,0.1313
RE1,LND,LNDMAIIRR,2027,1,WD,0.1379
RE1,LND,LNDMAIIRR,2028,1,WD,0.1448
RE1,LND,LNDMAIIRR,2029,1,WD,0.152
RE1,LND,LNDMAIIRR,2030,1,WD,0.1596
RE1,LND,LNDMAIIRR,2031,1,WD,0.1676
RE1,LND,LNDMAIIRR,2032,1,WD,0.1759
RE1,LND,LNDMAIIRR,2033,1,WD,0.1847
RE1,LND,LNDMAIIRR,2034,1,WD,0.194
RE1,LND,LNDMAIIRR,2035,1,WD,0.2037
RE1,WTRPRC,LNDMAIIRR,2020,1,WD,0.1176
RE1,WTRPRC,LNDMAIIRR,2021,1,WD,0.1235
RE1,WTRPRC,LNDMAIIRR,2022,1,WD,0.1296
RE1,WTRPRC,LNDMAIIRR,2023,1,WD,0.1361
RE1,WTRPRC,LNDMAIIRR,2024,1,WD,0.1429
RE1,WTRPRC,LNDMAIIRR,2025,1,WD,0.1501
RE1,WTRPRC,LNDMAIIRR,2026,1,WD,0.1576
RE1,WTRPRC,LNDMAIIRR,2027,1,WD,0.1654
RE1,WTRPRC,LNDMAIIRR,2028,1,WD,0.1737
RE1,WTRPRC,LNDMAIIRR,2029,1,WD,0.1824
RE1,WTRPRC,LNDMAIIRR,2030,1,WD,0.1915
RE1,WTRPRC,LNDMAIIRR,2031,1,WD,0.2011
RE1,WTRPRC,LNDMAIIRR,2032,1,WD,0.2111
RE1,WTRPRC,LNDMAIIRR,2033,1,WD,0.2217
RE1,WTRPRC,LNDMAIIRR,2034,1,WD,0.2328
RE1,WTRPRC,LNDMAIIRR,2035,1,WD,0.2444
RE1,AGRDSL,LNDMAIRNF,2020,1,WD,0.3479
RE1,AGRDSL,LNDMAIRNF,2021,1,WD,0.3558
RE1,AGRDSL,LNDMAIRNF,2022,1,WD,0.3646
RE1,AGRDSL,LNDMAIRNF,2023,1,WD,0.3731
RE1,AGRDSL,LNDMAIRNF,2024,1,WD,0.3817
RE1,AGRDSL,LNDMAIRNF,2025,1,WD,0.3929
RE1,AGRDSL,LNDMAIRNF,2026,1,WD,0.4013
RE1,AGRDSL,LNDMAIRNF,2027,1,WD,0.4099
RE1,AGRDSL,LNDMAIRNF,2028,1,WD,0.421
RE1,AGRDSL,LNDMAIRNF,2029,1,WD,0.4319
RE1,AGRDSL,LNDMAIRNF,2030,1,WD,0.443
RE1,AGRDSL,LNDMAIRNF,2031,1,WD,0.4539
RE1,AGRDSL,LNDMAIRNF,2032,1,WD,0.4647
RE1,AGRDSL,LNDMAIRNF,2033,1,WD,0.4753
RE1,AGRDSL,LNDMAIRNF,2034,1,WD,0.4857
RE1,AGRDSL,LNDMAIRNF,2035,1,WD,0.4962
RE1,LND,LNDMAIRNF,2020,1,WD,1.1833
RE1,LND,LNDMAIRNF,2021,1,WD,1.2101
RE1,LND,LNDMAIRNF,2022,1,WD,1.2402
RE1,LND,LNDMAIRNF,2023,1,WD,1.269
RE1,LND,LNDMAIRNF,2024,1,WD,1.2984
RE1,LND,LNDMAIRNF,2025,1,WD,1.3365
RE1,LND,LNDMAIRNF,2026,1,WD,1.3651
RE1,LND,LNDMAIRNF,2027,1,WD,1.394
RE1,LND,LNDMAIRNF,2028,1,WD,1.4318
RE1,LND,LNDMAIRNF,2029,1,WD,1.4691
RE1,LND,LNDMAIRNF,2030,1,WD,1.5068
RE1,LND,LNDMAIRNF,2031,1,WD,1.5439
RE1,LND,LNDMAIRNF,2032,1,WD,1.5805
RE1,LND,LNDMAIRNF,2033,1,WD,1.6166
RE1,LND,LNDMAIRNF,2034,1,WD,1.652
RE1,LND,LNDMAIRNF,2035,1,WD,1.6876
RE1,WTRPRC,LNDMAIRNF,2020,1,WD,1.42
RE1,WTRPRC,LNDMAIRNF,2021,1,WD,1.4521
RE1,WTRPRC,LNDMAIRNF,2022,1,WD,1.4882
RE1,WTRPRC,LNDMAIRNF,2023,1,WD,1.5228
RE1,WTRPRC,LNDMAIRNF,2024,1,WD,1.558
RE1,WTRPRC,LNDMAIRNF,2025,1,WD,1.6038
RE1,WTRPRC,LNDMAIRNF,2026,1,WD,1.6381
RE1,WTRPRC,LNDMAIRNF,2027,1,WD,1.6729
RE1,WTRPRC,LNDMAIRNF,2028,1,WD,1.7182
RE1,WTRPRC,LNDMAIRNF,2029,1,WD,1.7629
RE1,WTRPRC,LNDMAIRNF,2030,1,WD,1.8081
RE1,WTRPRC,LNDMAIRNF,2031,1,WD,1.8527
RE1,WTRPRC,LNDMAIRNF,2032,1,WD,1.8966
RE1,WTRPRC,LNDMAIRNF,2033,1,WD,1.9399
RE1,WTRPRC,LNDMAIRNF,2034,1,WD,1.9824
RE1,WTRPRC,LNDMAIRNF,2035,1,WD,2.0252
RE1,AGRDSL,LNDRICIRR,2020,1,WD,0.0752
RE1,AGRDSL,LNDRICIRR,2021,1,WD,0.079
RE1,AGRDSL,LNDRICIRR,2022,1,WD,0.0829
RE1,AGRDSL,LNDRICIRR,2023,1,WD,0.087
RE1,AGRDSL,LNDRICIRR,2024,1,WD,0.0914
RE1,AGRDSL,LNDRICIRR,2025,1,WD,0.096
RE1,AGRDSL,LNDRICIRR,2026,1,WD,0.1008
RE1,AGRDSL,LNDRICIRR,2027,1,WD,0.1058
RE1,AGRDSL,LNDRICIRR,2028,1,WD,0.1111
RE1,AGRDSL,LNDRICIRR,2029,1,WD,0.1167
RE1,AGRDSL,LNDRICIRR,2030,1,WD,0.1225
RE1,AGRDSL,LNDRICIRR,2031,1,WD,0.1286
RE1,AGRDSL,LNDRICIRR,2032,1,WD,0.135
RE1,AGRDSL,LNDRICIRR,2033,1,WD,0.1418
RE1,AGRDSL,LNDRICIRR,2034,1,WD,0.1489
RE1,AGRDSL,LNDRICIRR,2035,1,WD,0.1563
RE1,AGRWAT,LNDRICIRR,2020,1,WD,0.0691
RE1,AGRWAT,LNDRICIRR,2021,1,WD,0.0725
RE1,AGRWAT,LNDRICIRR,2022,1,WD,0.0761
RE1,AGRWAT,LNDRICIRR,2023,1,WD,0.0799
RE1,AGRWAT,LNDRICIRR,2024,1,WD,0.0839
RE1,AGRWAT,LNDRICIRR,2025,1,WD,0.0881
RE1,AGRWAT,LNDRICIRR,2026,1,WD,0.0925
RE1,AGRWAT,LNDRICIRR,2027,1,WD,0.0972
RE1,AGRWAT,LNDRICIRR,2028,1,WD,0.102
RE1,AGRWAT,LNDRICIRR,2029,1,WD,0.1071
RE1,AGRWAT,LNDRICIRR,2030,1,WD,0.1125
RE1,AGRWAT,LNDRICIRR,2031,1,WD,0.1181
RE1,AGRWAT,LNDRICIRR,2032,1,WD,0.124
RE1,AGRWAT,LNDRICIRR,2033,1,WD,0.1302
RE1,AGRWAT,LNDRICIRR,2034,1,WD,0.1367
RE1,AGRWAT,LNDRICIRR,2035,1,WD,0.1436
RE1,LND,LNDRICIRR,2020,1,WD,0.1535
RE1,LND,LNDRICIRR,2021,1,WD,0.1611
RE1,LND,LNDRICIRR,2022,1,WD,0.1692
RE1,LND,LNDRICIRR,2023,1,WD,0.1776
RE1,LND,LNDRICIRR,2024,1,WD,0.1865
RE1,LND,LNDRICIRR,2025,1,WD,0.1959
RE1,LND,LNDRICIRR,2026,1,WD,0.2057
RE1,LND,LNDRICIRR,2027,1,WD,0.2159
RE1,LND,LNDRICIRR,2028,1,WD,0.2267
RE1,LND,LNDRICIRR,2029,1,WD,0.2381
RE1,LND,LNDRICIRR,2030,1,WD,0.25
RE1,LND,LNDRICIRR,2031,1,WD,0.2625
RE1,LND,LNDRICIRR,2032,1,WD,0.2756
RE1,LND,LNDRICIRR,2033,1,WD,0.2894
RE1,LND,LNDRICIRR,2034,1,WD,0.3038
RE1,LND,LNDRICIRR,2035,1,WD,0.319
RE1,WTRPRC,LNDRICIRR,2020,1,WD,0.1842
RE1,WTRPRC,LNDRICIRR,2021,1,WD,0.1934
RE1,WTRPRC,LNDRICIRR,2022,1,WD,0.203
RE1,WTRPRC,LNDRICIRR,2023,1,WD,0.2132
RE1,WTRPRC,LNDRICIRR,2024,1,WD,0.2238
RE1,WTRPRC,LNDRICIRR,2025,1,WD,0.235
RE1,WTRPRC,LNDRICIRR,2026,1,WD,0.2468
RE1,WTRPRC,LNDRICIRR,2027,1,WD,0.2591
RE1,WTRPRC,LNDRICIRR,2028,1,WD,0.2721
RE1,WTRPRC,LNDRICIRR,2029,1,WD,0.2857
RE1,WTRPRC,LNDRICIRR,2030,1,WD,0.2999
RE1,WTRPRC,LNDRICIRR,2031,1,WD,0.315
RE1,WTRPRC,LNDRICIRR,2032,1,WD,0.3307
RE1,WTRPRC,LNDRICIRR,2033,1,WD,0.3473
RE1,WTRPRC,LNDRICIRR,2034,1,WD,0.3646
RE1,WTRPRC,LNDRICIRR,2035,1,WD,0.3828
RE1,AGRDSL,LNDRICRNF,2020,1,WD,0.1202
RE1,AGRDSL,LNDRICRNF,2021,1,WD,0.1207
RE1,AGRDSL,LNDRICRNF,2022,1,WD,0.1206
RE1,AGRDSL,LNDRICRNF,2023,1,WD,0.1204
RE1,AGRDSL,LNDRICRNF,2024,1,WD,0.1201
RE1,AGRDSL,LNDRICRNF,2025,1,WD,0.1195
RE1,AGRDSL,LNDRICRNF,2026,1,WD,0.1189
RE1,AGRDSL,LNDRICRNF,2027,1,WD,0.118
RE1,AGRDSL,LNDRICRNF,2028,1,WD,0.117
RE1,AGRDSL,LNDRICRNF,2029,1,WD,0.1158
RE1,AGRDSL,LNDRICRNF,2030,1,WD,0.1143
RE1,AGRDSL,LNDRICRNF,2031,1,WD,0.1127
RE1,AGRDSL,LNDRICRNF,2032,1,WD,0.1109
RE1,AGRDSL,LNDRICRNF,2033,1,WD,0.1089
RE1,AGRDSL,LNDRICRNF,2034,1,WD,0.1065
RE1,AGRDSL,LNDRICRNF,2035,1,WD,0.1039
RE1,LND,LNDRICRNF,2020,1,WD,0.4088
RE1,LND,LNDRICRNF,2021,1,WD,0.4107
RE1,LND,LNDRICRNF,2022,1,WD,0.4101
RE1,LND,LNDRICRNF,2023,1,WD,0.4094
RE1,LND,LNDRICRNF,2024,1,WD,0.4084
RE1,LND,LNDRICRNF,2025,1,WD,0.4065
RE1,LND,LNDRICRNF,2026,1,WD,0.4044
RE1,LND,LNDRICRNF,2027,1,WD,0.4013
RE1,LND,LNDRICRNF,2028,1,WD,0.3978
RE1,LND,LNDRICRNF,2029,1,WD,0.3939
RE1,LND,LNDRICRNF,2030,1,WD,0.3889
RE1,LND,LNDRICRNF,2031,1,WD,0.3834
RE1,LND,LNDRICRNF,2032,1,WD,0.3772
RE1,LND,LNDRICRNF,2033,1,WD,0.3703
RE1,LND,LNDRICRNF,2034,1,WD,0.3622
RE1,LND,LNDRICRNF,2035,1,WD,0.3533
RE1,WTRPRC,LNDRICRNF,2020,1,WD,0.4905
RE1,WTRPRC,LNDRICRNF,2021,1,WD,0.4928
RE1,WTRPRC,LNDRICRNF,2022,1,WD,0.4922
RE1,WTRPRC,LNDRICRNF,2023,1,WD,0.4913
RE1,WTRPRC,LNDRICRNF,2024,1,WD,0.49
RE1,WTRPRC,LNDRICRNF,2025,1,WD,0.4878
RE1,WTRPRC,LNDRICRNF,2026,1,WD,0.4852
RE1,WTRPRC,LNDRICRNF,2027,1,WD,0.4816
RE1,WTRPRC,LNDRICRNF,2028,1,WD,0.4774
RE1,WTRPRC,LNDRICRNF,2029,1,WD,0.4727
RE1,WTRPRC,LNDRICRNF,2030,1,WD,0.4667
RE1,WTRPRC,LNDRICRNF,2031,1,WD,0.46
RE1,WTRPRC,LNDRICRNF,2032,1,WD,0.4526
RE1,WTRPRC,LNDRICRNF,2033,1,WD,0.4444
RE1,WTRPRC,LNDRICRNF,2034,1,WD,0.4347
RE1,WTRPRC,LNDRICRNF,2035,1,WD,0.424
RE1,LND,LNDWAT,2020,1,WD,7.2311
RE1,LND,LNDWAT,2021,1,WD,7.4392
RE1,LND,LNDWAT,2022,1,WD,7.651
RE1,LND,LNDWAT,2023,1,WD,7.8609
RE1,LND,LNDWAT,2024,1,WD,8.08
RE1,LND,LNDWAT,2025,1,WD,8.3208
RE1,LND,LNDWAT,2026,1,WD,8.5318
RE1,LND,LNDWAT,2027,1,WD,8.7509
RE1,LND,LNDWAT,2028,1,WD,8.9925
RE1,LND,LNDWAT,2029,1,WD,9.241
RE1,LND,LNDWAT,2030,1,WD,9.4832
RE1,LND,LNDWAT,2031,1,WD,9.7322
RE1,LND,LNDWAT,2032,1,WD,9.9737
RE1,LND,LNDWAT,2033,1,WD,10.2218
RE1,LND,LNDWAT,2034,1,WD,10.4683
RE1,LND,LNDWAT,2035,1,WD,10.7163
RE1,WTRPRC,LNDWAT,2020,1,WD,8.6773
RE1,WTRPRC,LNDWAT,2021,1,WD,8.927
RE1,WTRPRC,LNDWAT,2022,1,WD,9.1812
RE1,WTRPRC,LNDWAT,2023,1,WD,9.433
RE1,WTRPRC,LNDWAT,2024,1,WD,9.696
RE1,WTRPRC,LNDWAT,2025,1,WD,9.985
RE1,WTRPRC,LNDWAT,2026,1,WD,10.2382
RE1,WTRPRC,LNDWAT,2027,1,WD,10.501
RE1,WTRPRC,LNDWAT,2028,1,WD,10.791
RE1,WTRPRC,LNDWAT,2029,1,WD,11.0892
RE1,WTRPRC,LNDWAT,2030,1,WD,11.3798
RE1,WTRPRC,LNDWAT,2031,1,WD,11.6786
RE1,WTRPRC,LNDWAT,2032,1,WD,11.9684
RE1,WTRPRC,LNDWAT,2033,1,WD,12.2662
RE1,WTRPRC,LNDWAT,2034,1,WD,12.562
RE1,WTRPRC,LNDWAT,2035,1,WD,12.8595
RE1,COA,PWRCOA,2020,1,WD,136.7086
RE1,COA,PWRCOA,2021,1,WD,136.7086
RE1,COA,PWRCOA,2022,1,WD,136.7086
RE1,COA,PWRCOA,2023,1,WD,136.7086
RE1,COA,PWRCOA,2024,1,WD,136.7086
RE1,COA,PWRCOA,2025,1,WD,136.7086
RE1,COA,PWRCOA,2026,1,WD,95.696
RE1,COA,PWRCOA,2027,1,WD,95.696
RE1,COA,PWRCOA,2028,1,WD,95.696
RE1,COA,PWRCOA,2029,1,WD,95.696
RE1,COA,PWRCOA,2030,1,WD,95.696
RE1,COA,PWRCOA,2031,1,WD,95.696
RE1,COA,PWRCOA,2032,1,WD,95.696
RE1,COA,PWRCOA,2033,1,WD,95.696
RE1,COA,PWRCOA,2034,1,WD,95.696
RE1,COA,PWRCOA,2035,1,WD,95.696
RE1,PWRWAT,PWRCOA,2020,1,WD,0.0319
RE1,PWRWAT,PWRCOA,2021,1,WD,0.0319
RE1,PWRWAT,PWRCOA,2022,1,WD,0.0319
RE1,PWRWAT,PWRCOA,2023,1,WD,0.0319
RE1,PWRWAT,PWRCOA,2024,1,WD,0.0319
RE1,PWRWAT,PWRCOA,2025,1,WD,0.0319
RE1,PWRWAT,PWRCOA,2026,1,WD,0.0223
RE1,PWRWAT,PWRCOA,2027,1,WD,0.0223
RE1,PWRWAT,PWRCOA,2028,1,WD,0.0223
RE1,PWRWAT,PWRCOA,2029,1,WD,0.0223
RE1,PWRWAT,PWRCOA,2030,1,WD,0.0223
RE1,PWRWAT,PWRCOA,2031,1,WD,0.0223
RE1,PWRWAT,PWRCOA,2032,1,WD,0.0223
RE1,PWRWAT,PWRCOA,2033,1,WD,0.0223
RE1,PWRWAT,PWRCOA,2034,1,WD,0.0223
RE1,PWRWAT,PWRCOA,2035,1,WD,0.0223
RE1,GAS,PWRGAS,2020,1,WD,17.1635
RE1,GAS,PWRGAS,2021,1,WD,18.2278
RE1,GAS,PWRGAS,2022,1,WD,18.2278
RE1,GAS,PWRGAS,2023,1,WD,18.2278
RE1,GAS,PWRGAS,2024,1,WD,18.2278
RE1,GAS,PWRGAS,2025,1,WD,18.2278
RE1,GAS,PWRGAS,2026,1,WD,54.7295
RE1,GAS,PWRGAS,2027,1,WD,62.7772
RE1,GAS,PWRGAS,2028,1,WD,67.7247
RE1,GAS,PWRGAS,2029,1,WD,73.3042
RE1,GAS,PWRGAS,2030,1,WD,79.208
RE1,GAS,PWRGAS,2031,1,WD,85.4286
RE1,GAS,PWRGAS,2032,1,WD,92.2431
RE1,GAS,PWRGAS,2033,1,WD,99.3661
RE1,GAS,PWRGAS,2034,1,WD,107.1369
RE1,GAS,PWRGAS,2035,1,WD,115.2196
RE1,PWRWAT,PWRGAS,2020,1,WD,0.0017
RE1,PWRWAT,PWRGAS,2021,1,WD,0.0018
RE1,PWRWAT,PWRGAS,2022,1,WD,0.0018
RE1,PWRWAT,PWRGAS,2023,1,WD,0.0018
RE1,PWRWAT,PWRGAS,2024,1,WD,0.0018
RE1,PWRWAT,PWRGAS,2025,1,WD,0.0018
RE1,PWRWAT,PWRGAS,2026,1,WD,0.0055
RE1,PWRWAT,PWRGAS,2027,1,WD,0.0063
RE1,PWRWAT,PWRGAS,2028,1,WD,0.0068
RE1,PWRWAT,PWRGAS,2029,1,WD,0.0073
RE1,PWRWAT,PWRGAS,2030,1,WD,0.0079
RE1,PWRWAT,PWRGAS,2031,1,WD,0.0085
RE1,PWRWAT,PWRGAS,2032,1,WD,0.0092
RE1,PWRWAT,PWRGAS,2033,1,WD,0.0099
RE1,PWRWAT,PWRGAS,2034,1,WD,0.0107
RE1,PWRWAT,PWRGAS,2035,1,WD,0.0115
RE1,HYD,PWRHYD,2020,1,WD,12.6446
RE1,HYD,PWRHYD,2021,1,WD,12.6843
RE1,HYD,PWRHYD,2022,1,WD,12.725
RE1,HYD,PWRHYD,2023,1,WD,12.7651
RE1,HYD,PWRHYD,2024,1,WD,12.8069
RE1,HYD,PWRHYD,2025,1,WD,12.8536
RE1,HYD,PWRHYD,2026,1,WD,12.8939
RE1,HYD,PWRHYD,2027,1,WD,12.9355
RE1,HYD,PWRHYD,2028,1,WD,12.9822
RE1,HYD,PWRHYD,2029,1,WD,13.03
RE1,HYD,PWRHYD,2030,1,WD,13.0766
RE1,HYD,PWRHYD,2031,1,WD,13.1244
RE1,HYD,PWRHYD,2032,1,WD,13.1707
RE1,HYD,PWRHYD,2033,1,WD,13.2182
RE1,HYD,PWRHYD,2034,1,WD,13.2651
RE1,HYD,PWRHYD,2035,1,WD,13.3124
RE1,SOL,PWRSOL,2021,1,WD,0.989
RE1,SOL,PWRSOL,2022,1,WD,3.5976
RE1,SOL,PWRSOL,2023,1,WD,6.5837
RE1,SOL,PWRSOL,2024,1,WD,9.5771
RE1,SOL,PWRSOL,2025,1,WD,12.9461
RE1,SOL,PWRSOL,2026,1,WD,12.9461
RE1,SOL,PWRSOL,2027,1,WD,13.4729
RE1,SOL,PWRSOL,2028,1,WD,15.7771
RE1,SOL,PWRSOL,2029,1,WD,18.5461
RE1,SOL,PWRSOL,2030,1,WD,21.5599
RE1,SOL,PWRSOL,2031,1,WD,24.8098
RE1,SOL,PWRSOL,2032,1,WD,28.5609
RE1,SOL,PWRSOL,2033,1,WD,32.5539
RE1,SOL,PWRSOL,2034,1,WD,37.0232
RE1,SOL,PWRSOL,2035,1,WD,41.7358
RE1,ELC001,PWRTRN,2020,1,WD,70.2591
RE1,ELC001,PWRTRN,2021,1,WD,74.2943
RE1,ELC001,PWRTRN,2022,1,WD,77.7982
RE1,ELC001,PWRTRN,2023,1,WD,81.3017
RE1,ELC001,PWRTRN,2024,1,WD,84.8068
RE1,ELC001,PWRTRN,2025,1,WD,88.3167
RE1,ELC001,PWRTRN,2026,1,WD,96.4003
RE1,ELC001,PWRTRN,2027,1,WD,103.9291
RE1,ELC001,PWRTRN,2028,1,WD,109.9128
RE1,ELC001,PWRTRN,2029,1,WD,116.2135
RE1,ELC001,PWRTRN,2030,1,WD,122.6754
RE1,ELC001,PWRTRN,2031,1,WD,129.2968
RE1,ELC001,PWRTRN,2032,1,WD,136.2137
RE1,ELC001,PWRTRN,2033,1,WD,143.2859
RE1,ELC001,PWRTRN,2034,1,WD,150.6815
RE1,ELC001,PWRTRN,2035,1,WD,158.2333
RE1,WND,PWRWND,2020,1,WD,3.4633
RE1,WND,PWRWND,2021,1,WD,6.9266
RE1,WND,PWRWND,2022,1,WD,10.3898
RE1,WND,PWRWND,2023,1,WD,13.8531
RE1,WND,PWRWND,2024,1,WD,17.3164
RE1,WND,PWRWND,2025,1,WD,20.7797
RE1,WND,PWRWND,2026,1,WD,24.243
RE1,WND,PWRWND,2027,1,WD,27.7063
RE1,WND,PWRWND,2028,1,WD,31.1695
RE1,WND,PWRWND,2029,1,WD,34.6328
RE1,WND,PWRWND,2030,1,WD,38.0961
RE1,WND,PWRWND,2031,1,WD,41.5594
RE1,WND,PWRWND,2032,1,WD,45.0227
RE1,WND,PWRWND,2033,1,WD,48.486
RE1,WND,PWRWND,2034,1,WD,51.9493
RE1,WND,PWRWND,2035,1,WD,55.4125
RE1,WTRRUN,RSCHYD,2020,1,WD,31.6114
RE1,WTRRUN,RSCHYD,2021,1,WD,31.7107
RE1,WTRRUN,RSCHYD,2022,1,WD,31.8124
RE1,WTRRUN,RSCHYD,2023,1,WD,31.9128
RE1,WTRRUN,RSCHYD,2024,1,WD,32.0174
RE1,WTRRUN,RSCHYD,2025,1,WD,32.134
RE1,WTRRUN,RSCHYD,2026,1,WD,32.2347
RE1,WTRRUN,RSCHYD,2027,1,WD,32.3388
RE1,WTRRUN,RSCHYD,2028,1,WD,32.4555
RE1,WTRRUN,RSCHYD,2029,1,WD,32.5749
RE1,WTRRUN,RSCHYD,2030,1,WD,32.6916
RE1,WTRRUN,RSCHYD,2031,1,WD,32.811
RE1,WTRRUN,RSCHYD,2032,1,WD,32.9269
RE1,WTRRUN,RSCHYD,2033,1,WD,33.0454
RE1,WTRRUN,RSCHYD,2034,1,WD,33.1628
RE1,WTRRUN,RSCHYD,2035,1,WD,33.2809
RE1,ELC002,DEMAGRGWTWAT,2026,1,WN,0.0116
RE1,ELC002,DEMAGRGWTWAT,2027,1,WN,0.0346
RE1,ELC002,DEMAGRGWTWAT,2028,1,WN,0.0514
RE1,ELC002,DEMAGRGWTWAT,2029,1,WN,0.0447
RE1,ELC002,DEMAGRGWTWAT,2030,1,WN,0.038
RE1,ELC002,DEMAGRGWTWAT,2031,1,WN,0.0291
RE1,ELC002,DEMAGRGWTWAT,2032,1,WN,0.0224
RE1,ELC002,DEMAGRGWTWAT,2033,1,WN,0.0156
RE1,ELC002,DEMAGRGWTWAT,2034,1,WN,0.0067
RE1,ELC002,DEMAGRSURWAT,2020,1,WN,0.0866
RE1,ELC002,DEMAGRSURWAT,2021,1,WN,0.091
RE1,ELC002,DEMAGRSURWAT,2022,1,WN,0.0955
RE1,ELC002,DEMAGRSURWAT,2023,1,WN,0.1003
RE1,ELC002,DEMAGRSURWAT,2024,1,WN,0.1053
RE1,ELC002,DEMAGRSURWAT,2025,1,WN,0.1106
RE1,ELC002,DEMAGRSURWAT,2026,1,WN,0.1068
RE1,ELC002,DEMAGRSURWAT,2027,1,WN,0.0944
RE1,ELC002,DEMAGRSURWAT,2028,1,WN,0.0871
RE1,ELC002,DEMAGRSURWAT,2029,1,WN,0.0988
RE1,ELC002,DEMAGRSURWAT,2030,1,WN,0.1109
RE1,ELC002,DEMAGRSURWAT,2031,1,WN,0.125
RE1,ELC002,DEMAGRSURWAT,2032,1,WN,0.1378
RE1,ELC002,DEMAGRSURWAT,2033,1,WN,0.1509
RE1,ELC002,DEMAGRSURWAT,2034,1,WN,0.1662
RE1,ELC002,DEMAGRSURWAT,2035,1,WN,0.1801
RE1,WTRSUR,DEMAGRSURWAT,2020,1,WN,0.1007
RE1,WTRSUR,DEMAGRSURWAT,2021,1,WN,0.1058
RE1,WTRSUR,DEMAGRSURWAT,2022,1,WN,0.1111
RE1,WTRSUR,DEMAGRSURWAT,2023,1,WN,0.1166
RE1,WTRSUR,DEMAGRSURWAT,2024,1,WN,0.1224
RE1,WTRSUR,DEMAGRSURWAT,2025,1,WN,0.1286
RE1,WTRSUR,DEMAGRSURWAT,2026,1,WN,0.1242
RE1,WTRSUR,DEMAGRSURWAT,2027,1,WN,0.1097
RE1,WTRSUR,DEMAGRSURWAT,2028,1,WN,0.1012
RE1,WTRSUR,DEMAGRSURWAT,2029,1,WN,0.1149
RE1,WTRSUR,DEMAGRSURWAT,2030,1,WN,0.1289
RE1,WTRSUR,DEMAGRSURWAT,2031,1,WN,0.1454
RE1,WTRSUR,DEMAGRSURWAT,2032,1,WN,0.1602
RE1,WTRSUR,DEMAGRSURWAT,2033,1,WN,0.1755
RE1,WTRSUR,DEMAGRSURWAT,2034,1,WN,0.1932
RE1,WTRSUR,DEMAGRSURWAT,2035,1,WN,0.2094
RE1,ELC002,DEMPUBSURWAT,2020,1,WN,0.3109
RE1,ELC002,DEMPUBSURWAT,2021,1,WN,0.3328
RE1,ELC002,DEMPUBSURWAT,2022,1,WN,0.3561
RE1,ELC002,DEMPUBSURWAT,2023,1,WN,0.3799
RE1,ELC002,DEMPUBSURWAT,2024,1,WN,0.4047
RE1,ELC002,DEMPUBSURWAT,2025,1,WN,0.4307
RE1,ELC002,DEMPUBSURWAT,2026,1,WN,0.4577
RE1,ELC002,DEMPUBSURWAT,2027,1,WN,0.4857
RE1,ELC002,DEMPUBSURWAT,2028,1,WN,0.5152
RE1,ELC002,DEMPUBSURWAT,2029,1,WN,0.5456
RE1,ELC002,DEMPUBSURWAT,2030,1,WN,0.5776
RE1,ELC002,DEMPUBSURWAT,2031,1,WN,0.6108
RE1,ELC002,DEMPUBSURWAT,2032,1,WN,0.6453
RE1,ELC002,DEMPUBSURWAT,2033,1,WN,0.6814
RE1,ELC002,DEMPUBSURWAT,2034,1,WN,0.7191
RE1,ELC002,DEMPUBSURWAT,2035,1,WN,0.7586
RE1,WTRSUR,DEMPUBSURWAT,2020,1,WN,0.1102
RE1,WTRSUR,DEMPUBSURWAT,2021,1,WN,0.118
RE1,WTRSUR,DEMPUBSURWAT,2022,1,WN,0.1263
RE1,WTRSUR,DEMPUBSURWAT,2023,1,WN,0.1347
RE1,WTRSUR,DEMPUBSURWAT,2024,1,WN,0.1435
RE1,WTRSUR,DEMPUBSURWAT,2025,1,WN,0.1527
RE1,WTRSUR,DEMPUBSURWAT,2026,1,WN,0.1623
RE1,WTRSUR,DEMPUBSURWAT,2027,1,WN,0.1722
RE1,WTRSUR,DEMPUBSURWAT,2028,1,WN,0.1827
RE1,WTRSUR,DEMPUBSURWAT,2029,1,WN,0.1935
RE1,WTRSUR,DEMPUBSURWAT,2030,1,WN,0.2048
RE1,WTRSUR,DEMPUBSURWAT,2031,1,WN,0.2166
RE1,WTRSUR,DEMPUBSURWAT,2032,1,WN,0.2288
RE1,WTRSUR,DEMPUBSURWAT,2033,1,WN,0.2416
RE1,WTRSUR,DEMPUBSURWAT,2034,1,WN,0.255
RE1,WTRSUR,DEMPUBSURWAT,2035,1,WN,0.269
RE1,ELC002,DEMPWRSURWAT,2020,1,WN,0.057
RE1,ELC002,DEMPWRSURWAT,2021,1,WN,0.0566
RE1,ELC002,DEMPWRSURWAT,2022,1,WN,0.0577
RE1,ELC002,DEMPWRSURWAT,2023,1,WN,0.0595
RE1,ELC002,DEMPWRSURWAT,2024,1,WN,0.0612
RE1,ELC002,DEMPWRSURWAT,2025,1,WN,0.0634
RE1,ELC002,DEMPWRSURWAT,2026,1,WN,0.0593
RE1,ELC002,DEMPWRSURWAT,2027,1,WN,0.0602
RE1,ELC002,DEMPWRSURWAT,2028,1,WN,0.0614
RE1,ELC002,DEMPWRSURWAT,2029,1,WN,0.0628
RE1,ELC002,DEMPWRSURWAT,2030,1,WN,0.0643
RE1,ELC002,DEMPWRSURWAT,2031,1,WN,0.066
RE1,ELC002,DEMPWRSURWAT,2032,1,WN,0.068
RE1,ELC002,DEMPWRSURWAT,2033,1,WN,0.0701
RE1,ELC002,DEMPWRSURWAT,2034,1,WN,0.0726
RE1,ELC002,DEMPWRSURWAT,2035,1,WN,0.0752
RE1,WTRSUR,DEMPWRSURWAT,2020,1,WN,0.0202
RE1,WTRSUR,DEMPWRSURWAT,2021,1,WN,0.0201
RE1,WTRSUR,DEMPWRSURWAT,2022,1,WN,0.0205
RE1,WTRSUR,DEMPWRSURWAT,2023,1,WN,0.0211
RE1,WTRSUR,DEMPWRSURWAT,2024,1,WN,0.0217
RE1,WTRSUR,DEMPWRSURWAT,2025,1,WN,0.0225
RE1,WTRSUR,DEMPWRSURWAT,2026,1,WN,0.021
RE1,WTRSUR,DEMPWRSURWAT,2027,1,WN,0.0214
RE1,WTRSUR,DEMPWRSURWAT,2028,1,WN,0.0218
RE1,WTRSUR,DEMPWRSURWAT,2029,1,WN,0.0223
RE1,WTRSUR,DEMPWRSURWAT,2030,1,WN,0.0228
RE1,WTRSUR,DEMPWRSURWAT,2031,1,WN,0.0234
RE1,WTRSUR,DEMPWRSURWAT,2032,1,WN,0.0241
RE1,WTRSUR,DEMPWRSURWAT,2033,1,WN,0.0249
RE1,WTRSUR,DEMPWRSURWAT,2034,1,WN,0.0257
RE1,WTRSUR,DEMPWRSURWAT,2035,1,WN,0.0267
RE1,CRPMAI,DEMTRABIO,2020,1,WN,0.2453
RE1,CRPMAI,DEMTRABIO,2021,1,WN,0.2526
RE1,CRPMAI,DEMTRABIO,2022,1,WN,0.26
RE1,CRPMAI,DEMTRABIO,2023,1,WN,0.2673
RE1,CRPMAI,DEMTRABIO,2024,1,WN,0.2747
RE1,CRPMAI,DEMTRABIO,2025,1,WN,0.2845
RE1,CRPMAI,DEMTRABIO,2026,1,WN,0.2919
RE1,CRPMAI,DEMTRABIO,2027,1,WN,0.2992
RE1,CRPMAI,DEMTRABIO,2028,1,WN,0.309
RE1,CRPMAI,DEMTRABIO,2029,1,WN,0.3188
RE1,CRPMAI,DEMTRABIO,2030,1,WN,0.3287
RE1,CRPMAI,DEMTRABIO,2031,1,WN,0.3385
RE1,CRPMAI,DEMTRABIO,2032,1,WN,0.3483
RE1,CRPMAI,DEMTRABIO,2033,1,WN,0.3581
RE1,CRPMAI,DEMTRABIO,2034,1,WN,0.3679
RE1,CRPMAI,DEMTRABIO,2035,1,WN,0.3777
RE1,LND,LNDBLT,2020,1,WN,3.105
RE1,LND,LNDBLT,2021,1,WN,3.136
RE1,LND,LNDBLT,2022,1,WN,3.1671
RE1,LND,LNDBLT,2023,1,WN,3.1981
RE1,LND,LNDBLT,2024,1,WN,3.2313
RE1,LND,LNDBLT,2025,1,WN,3.2644
RE1,LND,LNDBLT,2026,1,WN,3.2954
RE1,LND,LNDBLT,2027,1,WN,3.3286
RE1,LND,LNDBLT,2028,1,WN,3.3617
RE1,LND,LNDBLT,2029,1,WN,3.3969
RE1,LND,LNDBLT,2030,1,WN,3.43
RE1,LND,LNDBLT,2031,1,WN,3.4652
RE1,LND,LNDBLT,2032,1,WN,3.4983
RE1,LND,LNDBLT,2033,1,WN,3.5335
RE1,LND,LNDBLT,2034,1,WN,3.5687
RE1,LND,LNDBLT,2035,1,WN,3.6039
RE1,WTRPRC,LNDBLT,2020,1,WN,3.726
RE1,WTRPRC,LNDBLT,2021,1,WN,3.7633
RE1,WTRPRC,LNDBLT,2022,1,WN,3.8005
RE1,WTRPRC,LNDBLT,2023,1,WN,3.8378
RE1,WTRPRC,LNDBLT,2024,1,WN,3.8775
RE1,WTRPRC,LNDBLT,2025,1,WN,3.9173
RE1,WTRPRC,LNDBLT,2026,1,WN,3.9545
RE1,WTRPRC,LNDBLT,2027,1,WN,3.9943
RE1,WTRPRC,LNDBLT,2028,1,WN,4.034
RE1,WTRPRC,LNDBLT,2029,1,WN,4.0762
RE1,WTRPRC,LNDBLT,2030,1,WN,4.116
RE1,WTRPRC,LNDBLT,2031,1,WN,4.1582
RE1,WTRPRC,LNDBLT,2032,1,WN,4.198
RE1,WTRPRC,LNDBLT,2033,1,WN,4.2402
RE1,WTRPRC,LNDBLT,2034,1,WN,4.2824
RE1,WTRPRC,LNDBLT,2035,1,WN,4.3246
RE1,LND,LNDFOR,2020,1,WN,52.4952
RE1,LND,LNDFOR,2021,1,WN,52.4952
RE1,LND,LNDFOR,2022,1,WN,52.4952
RE1,LND,LNDFOR,2023,1,WN,52.4952
RE1,LND,LNDFOR,2024,1,WN,52.4952
RE1,LND,LNDFOR,2025,1,WN,52.4952
RE1,LND,LNDFOR,2026,1,WN,52.4952
RE1,LND,LNDFOR,2027,1,WN,52.4952
RE1,LND,LNDFOR,2028,1,WN,52.4952
RE1,LND,LNDFOR,2029,1,WN,52.4952
RE1,LND,LNDFOR,2030,1,WN,52.4952
RE1,LND,LNDFOR,2031,1,WN,52.4952
RE1,LND,LNDFOR,2032,1,WN,52.4952
RE1,LND,LNDFOR,2033,1,WN,52.4952
RE1,LND,LNDFOR,2034,1,WN,52.4952
RE1,LND,LNDFOR,2035,1,WN,52.4952
RE1,WTRPRC,LNDFOR,2020,1,WN,62.9942
RE1,WTRPRC,LNDFOR,2021,1,WN,62.9942
RE1,WTRPRC,LNDFOR,2022,1,WN,62.9942
RE1,WTRPRC,LNDFOR,2023,1,WN,62.9942
RE1,WTRPRC,LNDFOR,2024,1,WN,62.9942
RE1,WTRPRC,LNDFOR,2025,1,WN,62.9942
RE1,WTRPRC,LNDFOR,2026,1,WN,62.9942
RE1,WTRPRC,LNDFOR,2027,1,WN,62.9942
RE1,WTRPRC,LNDFOR,2028,1,WN,62.9942
RE1,WTRPRC,LNDFOR,2029,1,WN,62.9942
RE1,WTRPRC,LNDFOR,2030,1,WN,62.9942
RE1,WTRPRC,LNDFOR,2031,1,WN,62.9942
RE1,WTRPRC,LNDFOR,2032,1,WN,62.9942
RE1,WTRPRC,LNDFOR,2033,1,WN,62.9942
RE1,WTRPRC,LNDFOR,2034,1,WN,62.9942
RE1,WTRPRC,LNDFOR,2035,1,WN,62.9942
RE1,AGRDSL,LNDMAIIRR,2020,1,WN,0.0344
RE1,AGRDSL,LNDMAIIRR,2021,1,WN,0.0361
RE1,AGRDSL,LNDMAIIRR,2022,1,WN,0.0379
RE1,AGRDSL,LNDMAIIRR,2023,1,WN,0.0398
RE1,AGRDSL,LNDMAIIRR,2024,1,WN,0.0418
RE1,AGRDSL,LNDMAIIRR,2025,1,WN,0.0439
RE1,AGRDSL,LNDMAIIRR,2026,1,WN,0.0461
RE1,AGRDSL,LNDMAIIRR,2027,1,WN,0.0484
RE1,AGRDSL,LNDMAIIRR,2028,1,WN,0.0508
RE1,AGRDSL,LNDMAIIRR,2029,1,WN,0.0533
RE1,AGRDSL,LNDMAIIRR,2030,1,WN,0.056
RE1,AGRDSL,LNDMAIIRR,2031,1,WN,0.0588
RE1,AGRDSL,LNDMAIIRR,2032,1,WN,0.0618
RE1,AGRDSL,LNDMAIIRR,2033,1,WN,0.0648
RE1,AGRDSL,LNDMAIIRR,2034,1,WN,0.0681
RE1,AGRDSL,LNDMAIIRR,2035,1,WN,0.0715
RE1,AGRWAT,LNDMAIIRR,2020,1,WN,0.0211
RE1,AGRWAT,LNDMAIIRR,2021,1,WN,0.0221
RE1,AGRWAT,LNDMAIIRR,2022,1,WN,0.0232
RE1,AGRWAT,LNDMAIIRR,2023,1,WN,0.0244
RE1,AGRWAT,LNDMAIIRR,2024,1,WN,0.0256
RE1,AGRWAT,LNDMAIIRR,2025,1,WN,0.0269
RE1,AGRWAT,LNDMAIIRR,2026,1,WN,0.0282
RE1,AGRWAT,LNDMAIIRR,2027,1,WN,0.0296
RE1,AGRWAT,LNDMAIIRR,2028,1,WN,0.0311
RE1,AGRWAT,LNDMAIIRR,2029,1,WN,0.0327
RE1,AGRWAT,LNDMAIIRR,2030,1,WN,0.0343
RE1,AGRWAT,LNDMAIIRR,2031,1,WN,0.036
RE1,AGRWAT,LNDMAIIRR,2032,1,WN,0.0378
RE1,AGRWAT,LNDMAIIRR,2033,1,WN,0.0397
RE1,AGRWAT,LNDMAIIRR,2034,1,WN,0.0417
RE1,AGRWAT,LNDMAIIRR,2035,1,WN,0.0438
RE1,LND,LNDMAIIRR,2020,1,WN,0.0702
RE1,LND,LNDMAIIRR,2021,1,WN,0.0737
RE1,LND,LNDMAIIRR,2022,1,WN,0.0774
RE1,LND,LNDMAIIRR,2023,1,WN,0.0812
RE1,LND,LNDMAIIRR,2024,1,WN,0.0853
RE1,LND,LNDMAIIRR,2025,1,WN,0.0896
RE1,LND,LNDMAIIRR,2026,1,WN,0.094
RE1,LND,LNDMAIIRR,2027,1,WN,0.0987
RE1,LND,LNDMAIIRR,2028,1,WN,0.1037
RE1,LND,LNDMAIIRR,2029,1,WN,0.1089
RE1,LND,LNDMAIIRR,2030,1,WN,0.1143
RE1,LND,LNDMAIIRR,2031,1,WN,0.12
RE1,LND,LNDMAIIRR,2032,1,WN,0.126
RE1,LND,LNDMAIIRR,2033,1,WN,0.1323
RE1,LND,LNDMAIIRR,2034,1,WN,0.1389
RE1,LND,LNDMAIIRR,2035,1,WN,0.1459
RE1,WTRPRC,LNDMAIIRR,2020,1,WN,0.0842
RE1,WTRPRC,LNDMAIIRR,2021,1,WN,0.0884
RE1,WTRPRC,LNDMAIIRR,2022,1,WN,0.0928
RE1,WTRPRC,LNDMAIIRR,2023,1,WN,0.0975
RE1,WTRPRC,LNDMAIIRR,2024,1,WN,0.1024
RE1,WTRPRC,LNDMAIIRR,2025,1,WN,0.1075
RE1,WTRPRC,LNDMAIIRR,2026,1,WN,0.1128
RE1,WTRPRC,LNDMAIIRR,2027,1,WN,0.1185
RE1,WTRPRC,LNDMAIIRR,2028,1,WN,0.1244
RE1,WTRPRC,LNDMAIIRR,2029,1,WN,0.1306
RE1,WTRPRC,LNDMAIIRR,2030,1,WN,0.1372
RE1,WTRPRC,LNDMAIIRR,2031,1,WN,0.144
RE1,WTRPRC,LNDMAIIRR,2032,1,WN,0.1512
RE1,WTRPRC,LNDMAIIRR,2033,1,WN,0.1588
RE1,WTRPRC,LNDMAIIRR,2034,1,WN,0.1667
RE1,WTRPRC,LNDMAIIRR,2035,1,WN,0.1751
RE1,AGRDSL,LNDMAIRNF,2020,1,WN,0.2487
RE1,AGRDSL,LNDMAIRNF,2021,1,WN,0.2548
RE1,AGRDSL,LNDMAIRNF,2022,1,WN,0.2612
RE1,AGRDSL,LNDMAIRNF,2023,1,WN,0.2672
RE1,AGRDSL,LNDMAIRNF,2024,1,WN,0.2734
RE1,AGRDSL,LNDMAIRNF,2025,1,WN,0.2814
RE1,AGRDSL,LNDMAIRNF,2026,1,WN,0.2875
RE1,AGRDSL,LNDMAIRNF,2027,1,WN,0.2936
RE1,AGRDSL,LNDMAIRNF,2028,1,WN,0.3015
RE1,AGRDSL,LNDMAIRNF,2029,1,WN,0.3094
RE1,AGRDSL,LNDMAIRNF,2030,1,WN,0.3173
RE1,AGRDSL,LNDMAIRNF,2031,1,WN,0.3251
RE1,AGRDSL,LNDMAIRNF,2032,1,WN,0.3328
RE1,AGRDSL,LNDMAIRNF,2033,1,WN,0.3404
RE1,AGRDSL,LNDMAIRNF,2034,1,WN,0.3479
RE1,AGRDSL,LNDMAIRNF,2035,1,WN,0.3554
RE1,LND,LNDMAIRNF,2020,1,WN,0.8458
RE1,LND,LNDMAIRNF,2021,1,WN,0.8668
RE1,LND,LNDMAIRNF,2022,1,WN,0.8883
RE1,LND,LNDMAIRNF,2023,1,WN,0.9089
RE1,LND,LNDMAIRNF,2024,1,WN,0.93
RE1,LND,LNDMAIRNF,2025,1,WN,0.9573
RE1,LND,LNDMAIRNF,2026,1,WN,0.9778
RE1,LND,LNDMAIRNF,2027,1,WN,0.9985
RE1,LND,LNDMAIRNF,2028,1,WN,1.0256
RE1,LND,LNDMAIRNF,2029,1,WN,1.0523
RE1,LND,LNDMAIRNF,2030,1,WN,1.0792
RE1,LND,LNDMAIRNF,2031,1,WN,1.1058
RE1,LND,LNDMAIRNF,2032,1,WN,1.1321
RE1,LND,LNDMAIRNF,2033,1,WN,1.1579
RE1,LND,LNDMAIRNF,2034,1,WN,1.1833
RE1,LND,LNDMAIRNF,2035,1,WN,1.2088
RE1,WTRPRC,LNDMAIRNF,2020,1,WN,1.015
RE1,WTRPRC,LNDMAIRNF,2021,1,WN,1.0401
RE1,WTRPRC,LNDMAIRNF,2022,1,WN,1.0659
RE1,WTRPRC,LNDMAIRNF,2023,1,WN,1.0907
RE1,WTRPRC,LNDMAIRNF,2024,1,WN,1.116
RE1,WTRPRC,LNDMAIRNF,2025,1,WN,1.1488
RE1,WTRPRC,LNDMAIRNF,2026,1,WN,1.1733
RE1,WTRPRC,LNDMAIRNF,2027,1,WN,1.1982
RE1,WTRPRC,LNDMAIRNF,2028,1,WN,1.2307
RE1,WTRPRC,LNDMAIRNF,2029,1,WN,1.2627
RE1,WTRPRC,LNDMAIRNF,2030,1,WN,1.2951
RE1,WTRPRC,LNDMAIRNF,2031,1,WN,1.327
RE1,WTRPRC,LNDMAIRNF,2032,1,WN,1.3585
RE1,WTRPRC,LNDMAIRNF,2033,1,WN,1.3895
RE1,WTRPRC,LNDMAIRNF,2034,1,WN,1.4199
RE1,WTRPRC,LNDMAIRNF,2035,1,WN,1.4506
RE1,AGRDSL,LNDRICIRR,2020,1,WN,0.0539
RE1,AGRDSL,LNDRICIRR,2021,1,WN,0.0566
RE1,AGRDSL,LNDRICIRR,2022,1,WN,0.0594
RE1,AGRDSL,LNDRICIRR,2023,1,WN,0.0623
RE1,AGRDSL,LNDRICIRR,2024,1,WN,0.0655
RE1,AGRDSL,LNDRICIRR,2025,1,WN,0.0687
RE1,AGRDSL,LNDRICIRR,2026,1,WN,0.0722
RE1,AGRDSL,LNDRICIRR,2027,1,WN,0.0758
RE1,AGRDSL,LNDRICIRR,2028,1,WN,0.0796
RE1,AGRDSL,LNDRICIRR,2029,1,WN,0.0836
RE1,AGRDSL,LNDRICIRR,2030,1,WN,0.0877
RE1,AGRDSL,LNDRICIRR,2031,1,WN,0.0921
RE1,AGRDSL,LNDRICIRR,2032,1,WN,0.0967
RE1,AGRDSL,LNDRICIRR,2033,1,WN,0.1016
RE1,AGRDSL,LNDRICIRR,2034,1,WN,0.1066
RE1,AGRDSL,LNDRICIRR,2035,1,WN,0.112
RE1,AGRWAT,LNDRICIRR,2020,1,WN,0.0495
RE1,AGRWAT,LNDRICIRR,2021,1,WN,0.0519
RE1,AGRWAT,LNDRICIRR,2022,1,WN,0.0545
RE1,AGRWAT,LNDRICIRR,2023,1,WN,0.0573
RE1,AGRWAT,LNDRICIRR,2024,1,WN,0.0601
RE1,AGRWAT,LNDRICIRR,2025,1,WN,0.0631
RE1,AGRWAT,LNDRICIRR,2026,1,WN,0.0663
RE1,AGRWAT,LNDRICIRR,2027,1,WN,0.0696
RE1,AGRWAT,LNDRICIRR,2028,1,WN,0.0731
RE1,AGRWAT,LNDRICIRR,2029,1,WN,0.0767
RE1,AGRWAT,LNDRICIRR,2030,1,WN,0.0806
RE1,AGRWAT,LNDRICIRR,2031,1,WN,0.0846
RE1,AGRWAT,LNDRICIRR,2032,1,WN,0.0888
RE1,AGRWAT,LNDRICIRR,2033,1,WN,0.0933
RE1,AGRWAT,LNDRICIRR,2034,1,WN,0.0979
RE1,AGRWAT,LNDRICIRR,2035,1,WN,0.1028
RE1,LND,LNDRICIRR,2020,1,WN,0.1099
RE1,LND,LNDRICIRR,2021,1,WN,0.1154
RE1,LND,LNDRICIRR,2022,1,WN,0.1212
RE1,LND,LNDRICIRR,2023,1,WN,0.1272
RE1,LND,LNDRICIRR,2024,1,WN,0.1336
RE1,LND,LNDRICIRR,2025,1,WN,0.1403
RE1,LND,LNDRICIRR,2026,1,WN,0.1473
RE1,LND,LNDRICIRR,2027,1,WN,0.1547
RE1,LND,LNDRICIRR,2028,1,WN,0.1624
RE1,LND,LNDRICIRR,2029,1,WN,0.1705
RE1,LND,LNDRICIRR,2030,1,WN,0.179
RE1,LND,LNDRICIRR,2031,1,WN,0.188
RE1,LND,LNDRICIRR,2032,1,WN,0.1974
RE1,LND,LNDRICIRR,2033,1,WN,0.2073
RE1,LND,LNDRICIRR,2034,1,WN,0.2176
RE1,LND,LNDRICIRR,2035,1,WN,0.2285
RE1,WTRPRC,LNDRICIRR,2020,1,WN,0.1319
RE1,WTRPRC,LNDRICIRR,2021,1,WN,0.1385
RE1,WTRPRC,LNDRICIRR,2022,1,WN,0.1454
RE1,WTRPRC,LNDRICIRR,2023,1,WN,0.1527
RE1,WTRPRC,LNDRICIRR,2024,1,WN,0.1603
RE1,WTRPRC,LNDRICIRR,2025,1,WN,0.1683
RE1,WTRPRC,LNDRICIRR,2026,1,WN,0.1768
RE1,WTRPRC,LNDRICIRR,2027,1,WN,0.1856
RE1,WTRPRC,LNDRICIRR,2028,1,WN,0.1949
RE1,WTRPRC,LNDRICIRR,2029,1,WN,0.2046
RE1,WTRPRC,LNDRICIRR,2030,1,WN,0.2148
RE1,WTRPRC,LNDRICIRR,2031,1,WN,0.2256
RE1,WTRPRC,LNDRICIRR,2032,1,WN,0.2369
RE1,WTRPRC,LNDRICIRR,2033,1,WN,0.2487
RE1,WTRPRC,LNDRICIRR,2034,1,WN,0.2611
RE1,WTRPRC,LNDRICIRR,2035,1,WN,0.2742
RE1,AGRDSL,LNDRICRNF,2020,1,WN,0.0866
RE1,AGRDSL,LNDRICRNF,2021,1,WN,0.0865
RE1,AGRDSL,LNDRICRNF,2022,1,WN,0.0864
RE1,AGRDSL,LNDRICRNF,2023,1,WN,0.0862
RE1,AGRDSL,LNDRICRNF,2024,1,WN,0.086
RE1,AGRDSL,LNDRICRNF,2025,1,WN,0.0856
RE1,AGRDSL,LNDRICRNF,2026,1,WN,0.0852
RE1,AGRDSL,LNDRICRNF,2027,1,WN,0.0845
RE1,AGRDSL,LNDRICRNF,2028,1,WN,0.0838
RE1,AGRDSL,LNDRICRNF,2029,1,WN,0.0829
RE1,AGRDSL,LNDRICRNF,2030,1,WN,0.0819
RE1,AGRDSL,LNDRICRNF,2031,1,WN,0.0807
RE1,AGRDSL,LNDRICRNF,2032,1,WN,0.0794
RE1,AGRDSL,LNDRICRNF,2033,1,WN,0.078
RE1,AGRDSL,LNDRICRNF,2034,1,WN,0.0763
RE1,AGRDSL,LNDRICRNF,2035,1,WN,0.0744
RE1,LND,LNDRICRNF,2020,1,WN,0.2946
RE1,LND,LNDRICRNF,2021,1,WN,0.2942
RE1,LND,LNDRICRNF,2022,1,WN,0.2938
RE1,LND,LNDRICRNF,2023,1,WN,0.2932
RE1,LND,LNDRICRNF,2024,1,WN,0.2925
RE1,LND,LNDRICRNF,2025,1,WN,0.2912
RE1,LND,LNDRICRNF,2026,1,WN,0.2896
RE1,LND,LNDRICRNF,2027,1,WN,0.2874
RE1,LND,LNDRICRNF,2028,1,WN,0.285
RE1,LND,LNDRICRNF,2029,1,WN,0.2821
RE1,LND,LNDRICRNF,2030,1,WN,0.2786
RE1,LND,LNDRICRNF,2031,1,WN,0.2746
RE1,LND,LNDRICRNF,2032,1,WN,0.2702
RE1,LND,LNDRICRNF,2033,1,WN,0.2652
RE1,LND,LNDRICRNF,2034,1,WN,0.2595
RE1,LND,LNDRICRNF,2035,1,WN,0.2531
RE1,WTRPRC,LNDRICRNF,2020,1,WN,0.3535
RE1,WTRPRC,LNDRICRNF,2021,1,WN,0.353
RE1,WTRPRC,LNDRICRNF,2022,1,WN,0.3525
RE1,WTRPRC,LNDRICRNF,2023,1,WN,0.3519
RE1,WTRPRC,LNDRICRNF,2024,1,WN,0.351
RE1,WTRPRC,LNDRICRNF,2025,1,WN,0.3494
RE1,WTRPRC,LNDRICRNF,2026,1,WN,0.3476
RE1,WTRPRC,LNDRICRNF,2027,1,WN,0.3449
RE1,WTRPRC,LNDRICRNF,2028,1,WN,0.3419
RE1,WTRPRC,LNDRICRNF,2029,1,WN,0.3385
RE1,WTRPRC,LNDRICRNF,2030,1,WN,0.3343
RE1,WTRPRC,LNDRICRNF,2031,1,WN,0.3295
RE1,WTRPRC,LNDRICRNF,2032,1,WN,0.3242
RE1,WTRPRC,LNDRICRNF,2033,1,WN,0.3183
RE1,WTRPRC,LNDRICRNF,2034,1,WN,0.3113
RE1,WTRPRC,LNDRICRNF,2035,1,WN,0.3037
RE1,LND,LNDWAT,2020,1,WN,5.1793
RE1,LND,LNDWAT,2021,1,WN,5.1188
RE1,LND,LNDWAT,2022,1,WN,5.0571
RE1,LND,LNDWAT,2023,1,WN,4.996
RE1,LND,LNDWAT,2024,1,WN,4.9322
RE1,LND,LNDWAT,2025,1,WN,4.8621
RE1,LND,LNDWAT,2026,1,WN,4.8006
RE1,LND,LNDWAT,2027,1,WN,4.7369
RE1,LND,LNDWAT,2028,1,WN,4.6665
RE1,LND,LNDWAT,2029,1,WN,4.5942
RE1,LND,LNDWAT,2030,1,WN,4.5237
RE1,LND,LNDWAT,2031,1,WN,4.4512
RE1,LND,LNDWAT,2032,1,WN,4.3809
RE1,LND,LNDWAT,2033,1,WN,4.3086
RE1,LND,LNDWAT,2034,1,WN,4.2369
RE1,LND,LNDWAT,2035,1,WN,4.1647
RE1,WTRPRC,LNDWAT,2020,1,WN,6.2152
RE1,WTRPRC,LNDWAT,2021,1,WN,6.1425
RE1,WTRPRC,LNDWAT,2022,1,WN,6.0685
RE1,WTRPRC,LNDWAT,2023,1,WN,5.9952
RE1,WTRPRC,LNDWAT,2024,1,WN,5.9186
RE1,WTRPRC,LNDWAT,2025,1,WN,5.8345
RE1,WTRPRC,LNDWAT,2026,1,WN,5.7608
RE1,WTRPRC,LNDWAT,2027,1,WN,5.6843
RE1,WTRPRC,LNDWAT,2028,1,WN,5.5998
RE1,WTRPRC,LNDWAT,2029,1,WN,5.513
RE1,WTRPRC,LNDWAT,2030,1,WN,5.4284
RE1,WTRPRC,LNDWAT,2031,1,WN,5.3414
RE1,WTRPRC,LNDWAT,2032,1,WN,5.257
RE1,WTRPRC,LNDWAT,2033,1,WN,5.1703
RE1,WTRPRC,LNDWAT,2034,1,WN,5.0842
RE1,WTRPRC,LNDWAT,2035,1,WN,4.9976
RE1,COA,PWRCOA,2020,1,WN,69.2597
RE1,COA,PWRCOA,2021,1,WN,68.7756
RE1,COA,PWRCOA,2022,1,WN,70.2119
RE1,COA,PWRCOA,2023,1,WN,72.2897
RE1,COA,PWRCOA,2024,1,WN,74.3723
RE1,COA,PWRCOA,2025,1,WN,77.0983
RE1,COA,PWRCOA,2026,1,WN,68.5435
RE1,COA,PWRCOA,2027,1,WN,68.5435
RE1,COA,PWRCOA,2028,1,WN,68.5435
RE1,COA,PWRCOA,2029,1,WN,68.5435
RE1,COA,PWRCOA,2030,1,WN,68.5435
RE1,COA,PWRCOA,2031,1,WN,68.5435
RE1,COA,PWRCOA,2032,1,WN,68.5435
RE1,COA,PWRCOA,2033,1,WN,68.5435
RE1,COA,PWRCOA,2034,1,WN,68.5435
RE1,COA,PWRCOA,2035,1,WN,68.5435
RE1,PWRWAT,PWRCOA,2020,1,WN,0.0162
RE1,PWRWAT,PWRCOA,2021,1,WN,0.016
RE1,PWRWAT,PWRCOA,2022,1,WN,0.0164
RE1,PWRWAT,PWRCOA,2023,1,WN,0.0169
RE1,PWRWAT,PWRCOA,2024,1,WN,0.0174
RE1,PWRWAT,PWRCOA,2025,1,WN,0.018
RE1,PWRWAT,PWRCOA,2026,1,WN,0.016
RE1,PWRWAT,PWRCOA,2027,1,WN,0.016
RE1,PWRWAT,PWRCOA,2028,1,WN,0.016
RE1,PWRWAT,PWRCOA,2029,1,WN,0.016
RE1,PWRWAT,PWRCOA,2030,1,WN,0.016
RE1,PWRWAT,PWRCOA,2031,1,WN,0.016
RE1,PWRWAT,PWRCOA,2032,1,WN,0.016
RE1,PWRWAT,PWRCOA,2033,1,WN,0.016
RE1,PWRWAT,PWRCOA,2034,1,WN,0.016
RE1,PWRWAT,PWRCOA,2035,1,WN,0.016
RE1,GAS,PWRGAS,2026,1,WN,8.363
RE1,GAS,PWRGAS,2027,1,WN,11.0423
RE1,GAS,PWRGAS,2028,1,WN,14.1479
RE1,GAS,PWRGAS,2029,1,WN,18.0958
RE1,GAS,PWRGAS,2030,1,WN,22.4722
RE1,GAS,PWRGAS,2031,1,WN,27.2765
RE1,GAS,PWRGAS,2032,1,WN,32.9346
RE1,GAS,PWRGAS,2033,1,WN,39.0224
RE1,GAS,PWRGAS,2034,1,WN,45.9631
RE1,GAS,PWRGAS,2035,1,WN,53.3349
RE1,PWRWAT,PWRGAS,2026,1,WN,0.0008
RE1,PWRWAT,PWRGAS,2027,1,WN,0.0011
RE1,PWRWAT,PWRGAS,2028,1,WN,0.0014
RE1,PWRWAT,PWRGAS,2029,1,WN,0.0018
RE1,PWRWAT,PWRGAS,2030,1,WN,0.0022
RE1,PWRWAT,PWRGAS,2031,1,WN,0.0027
RE1,PWRWAT,PWRGAS,2032,1,WN,0.0033
RE1,PWRWAT,PWRGAS,2033,1,WN,0.0039
RE1,PWRWAT,PWRGAS,2034,1,WN,0.0046
RE1,PWRWAT,PWRGAS,2035,1,WN,0.0053
RE1,HYD,PWRHYD,2020,1,WN,9.0567
RE1,HYD,PWRHYD,2021,1,WN,9.0517
RE1,HYD,PWRHYD,2022,1,WN,9.0467
RE1,HYD,PWRHYD,2023,1,WN,9.0417
RE1,HYD,PWRHYD,2024,1,WN,9.0363
RE1,HYD,PWRHYD,2025,1,WN,9.0309
RE1,HYD,PWRHYD,2026,1,WN,9.0257
RE1,HYD,PWRHYD,2027,1,WN,9.0203
RE1,HYD,PWRHYD,2028,1,WN,9.0147
RE1,HYD,PWRHYD,2029,1,WN,9.0089
RE1,HYD,PWRHYD,2030,1,WN,9.0033
RE1,HYD,PWRHYD,2031,1,WN,8.9974
RE1,HYD,PWRHYD,2032,1,WN,8.9917
RE1,HYD,PWRHYD,2033,1,WN,8.9856
RE1,HYD,PWRHYD,2034,1,WN,8.9795
RE1,HYD,PWRHYD,2035,1,WN,8.9734
RE1,ELC001,PWRTRN,2020,1,WN,34.885
RE1,ELC001,PWRTRN,2021,1,WN,37.4604
RE1,ELC001,PWRTRN,2022,1,WN,40.6759
RE1,ELC001,PWRTRN,2023,1,WN,44.1052
RE1,ELC001,PWRTRN,2024,1,WN,47.5357
RE1,ELC001,PWRTRN,2025,1,WN,51.1808
RE1,ELC001,PWRTRN,2026,1,WN,55.2472
RE1,ELC001,PWRTRN,2027,1,WN,59.3232
RE1,ELC001,PWRTRN,2028,1,WN,63.6122
RE1,ELC001,PWRTRN,2029,1,WN,68.322
RE1,ELC001,PWRTRN,2030,1,WN,73.2463
RE1,ELC001,PWRTRN,2031,1,WN,78.3843
RE1,ELC001,PWRTRN,2032,1,WN,83.9494
RE1,ELC001,PWRTRN,2033,1,WN,89.729
RE1,ELC001,PWRTRN,2034,1,WN,95.935
RE1,ELC001,PWRTRN,2035,1,WN,102.3565
RE1,WND,PWRWND,2020,1,WN,2.7417
RE1,WND,PWRWND,2021,1,WN,5.4835
RE1,WND,PWRWND,2022,1,WN,8.2252
RE1,WND,PWRWND,2023,1,WN,10.967
RE1,WND,PWRWND,2024,1,WN,13.7087
RE1,WND,PWRWND,2025,1,WN,16.4504
RE1,WND,PWRWND,2026,1,WN,19.1922
RE1,WND,PWRWND,2027,1,WN,21.9339
RE1,WND,PWRWND,2028,1,WN,24.6757
RE1,WND,PWRWND,2029,1,WN,27.4174
RE1,WND,PWRWND,2030,1,WN,30.1591
RE1,WND,PWRWND,2031,1,WN,32.9009
RE1,WND,PWRWND,2032,1,WN,35.6426
RE1,WND,PWRWND,2033,1,WN,38.3844
RE1,WND,PWRWND,2034,1,WN,41.1261
RE1,WND,PWRWND,2035,1,WN,43.8678
RE1,WTRRUN,RSCHYD,2020,1,WN,22.6417
RE1,WTRRUN,RSCHYD,2021,1,WN,22.6293
RE1,WTRRUN,RSCHYD,2022,1,WN,22.6168
RE1,WTRRUN,RSCHYD,2023,1,WN,22.6042
RE1,WTRRUN,RSCHYD,2024,1,WN,22.5908
RE1,WTRRUN,RSCHYD,2025,1,WN,22.5773
RE1,WTRRUN,RSCHYD,2026,1,WN,22.5643
RE1,WTRRUN,RSCHYD,2027,1,WN,22.5507
RE1,WTRRUN,RSCHYD,2028,1,WN,22.5369
RE1,WTRRUN,RSCHYD,2029,1,WN,22.5223
RE1,WTRRUN,RSCHYD,2030,1,WN,22.5083
RE1,WTRRUN,RSCHYD,2031,1,WN,22.4934
RE1,WTRRUN,RSCHYD,2032,1,WN,22.4791
RE1,WTRRUN,RSCHYD,2033,1,WN,22.464
RE1,WTRRUN,RSCHYD,2034,1,WN,22.4488
RE1,WTRRUN,RSCHYD,2035,1,WN,22.4335
