REGION,TECHNOLOGY,MODE_OF_OPERATION,YEAR,VALUE
RE1,IMPCOA,1,2020,5.1
RE1,IMPCOA,1,2021,5.14
RE1,IMPCOA,1,2022,5.18
RE1,IMPCOA,1,2023,5.22
RE1,IMPCOA,1,2024,5.26
RE1,IMPCOA,1,2025,5.3
RE1,IMPCOA,1,2026,5.34
RE1,IMPCOA,1,2027,5.38
RE1,IMPCOA,1,2028,5.42
RE1,IMPCOA,1,2029,5.46
RE1,IMPCOA,1,2030,5.5
RE1,IMPCOA,1,2031,5.54
RE1,IMPCOA,1,2032,5.58
RE1,IMPCOA,1,2033,5.62
RE1,IMPCOA,1,2034,5.66
RE1,IMPCOA,1,2035,5.7
RE1,IMPCOA,1,2036,5.74
RE1,IMPCOA,1,2037,5.78
RE1,IMPCOA,1,2038,5.82
RE1,IMPCOA,1,2039,5.86
RE1,IMPCOA,1,2040,5.9
RE1,IMPCOA,1,2041,5.9
RE1,IMPCOA,1,2042,5.9
RE1,IMPCOA,1,2043,5.9
RE1,IMPCOA,1,2044,5.9
RE1,IMPCOA,1,2045,5.9
RE1,IMPCOA,1,2046,5.9
RE1,IMPCOA,1,2047,5.9
RE1,IMPCOA,1,2048,5.9
RE1,IMPCOA,1,2049,5.9
RE1,IMPCOA,1,2050,5.9
RE1,IMPDSL,1,2020,7.91
RE1,IMPDSL,1,2021,7.982616393
RE1,IMPDSL,1,2022,8.055232787
RE1,IMPDSL,1,2023,8.12784918
RE1,IMPDSL,1,2024,8.200465574
RE1,IMPDSL,1,2025,8.273081967
RE1,IMPDSL,1,2026,8.468886885
RE1,IMPDSL,1,2027,8.664691803
RE1,IMPDSL,1,2028,8.860496721
RE1,IMPDSL,1,2029,9.056301639
RE1,IMPDSL,1,2030,9.252106557
RE1,IMPDSL,1,2031,9.42262541
RE1,IMPDSL,1,2032,9.593144262
RE1,IMPDSL,1,2033,9.763663115
RE1,IMPDSL,1,2034,9.934181967
RE1,IMPDSL,1,2035,10.10470082
RE1,IMPDSL,1,2036,10.27521967
RE1,IMPDSL,1,2037,10.44573852
RE1,IMPDSL,1,2038,10.61625738
RE1,IMPDSL,1,2039,10.78677623
RE1,IMPDSL,1,2040,10.95729508
RE1,IMPDSL,1,2041,11.12781393
RE1,IMPDSL,1,2042,11.29833279
RE1,IMPDSL,1,2043,11.46885164
RE1,IMPDSL,1,2044,11.63937049
RE1,IMPDSL,1,2045,11.80988934
RE1,IMPDSL,1,2046,11.9804082
RE1,IMPDSL,1,2047,12.15092705
RE1,IMPDSL,1,2048,12.3214459
RE1,IMPDSL,1,2049,12.49196475
RE1,IMPDSL,1,2050,12.66248361
RE1,MINBIO,1,2020,0.0001
RE1,MINBIO,1,2021,0.0001
RE1,MINBIO,1,2022,0.0001
RE1,MINBIO,1,2023,0.0001
RE1,MINBIO,1,2024,0.0001
RE1,MINBIO,1,2025,0.0001
RE1,MINBIO,1,2026,0.0001
RE1,MINBIO,1,2027,0.0001
RE1,MINBIO,1,2028,0.0001
RE1,MINBIO,1,2029,0.0001
RE1,MINBIO,1,2030,0.0001
RE1,MINBIO,1,2031,0.0001
RE1,MINBIO,1,2032,0.0001
RE1,MINBIO,1,2033,0.0001
RE1,MINBIO,1,2034,0.0001
RE1,MINBIO,1,2035,0.0001
RE1,MINBIO,1,2036,0.0001
RE1,MINBIO,1,2037,0.0001
RE1,MINBIO,1,2038,0.0001
RE1,MINBIO,1,2039,0.0001
RE1,MINBIO,1,2040,0.0001
RE1,MINBIO,1,2041,0.0001
RE1,MINBIO,1,2042,0.0001
RE1,MINBIO,1,2043,0.0001
RE1,MINBIO,1,2044,0.0001
RE1,MINBIO,1,2045,0.0001
RE1,MINBIO,1,2046,0.0001
RE1,MINBIO,1,2047,0.0001
RE1,MINBIO,1,2048,0.0001
RE1,MINBIO,1,2049,0.0001
RE1,MINBIO,1,2050,0.0001
RE1,MINGEO,1,2020,0.0001
RE1,MINGEO,1,2021,0.0001
RE1,MINGEO,1,2022,0.0001
RE1,MINGEO,1,2023,0.0001
RE1,MINGEO,1,2024,0.0001
RE1,MINGEO,1,2025,0.0001
RE1,MINGEO,1,2026,0.0001
RE1,MINGEO,1,2027,0.0001
RE1,MINGEO,1,2028,0.0001
RE1,MINGEO,1,2029,0.0001
RE1,MINGEO,1,2030,0.0001
RE1,MINGEO,1,2031,0.0001
RE1,MINGEO,1,2032,0.0001
RE1,MINGEO,1,2033,0.0001
RE1,MINGEO,1,2034,0.0001
RE1,MINGEO,1,2035,0.0001
RE1,MINGEO,1,2036,0.0001
RE1,MINGEO,1,2037,0.0001
RE1,MINGEO,1,2038,0.0001
RE1,MINGEO,1,2039,0.0001
RE1,MINGEO,1,2040,0.0001
RE1,MINGEO,1,2041,0.0001
RE1,MINGEO,1,2042,0.0001
RE1,MINGEO,1,2043,0.0001
RE1,MINGEO,1,2044,0.0001
RE1,MINGEO,1,2045,0.0001
RE1,MINGEO,1,2046,0.0001
RE1,MINGEO,1,2047,0.0001
RE1,MINGEO,1,2048,0.0001
RE1,MINGEO,1,2049,0.0001
RE1,MINGEO,1,2050,0.0001
RE1,PWRGEO,1,2020,0.86
RE1,PWRGEO,1,2021,0.86
RE1,PWRGEO,1,2022,0.86
RE1,PWRGEO,1,2023,0.86
RE1,PWRGEO,1,2024,0.86
RE1,PWRGEO,1,2025,0.86
RE1,PWRGEO,1,2026,0.86
RE1,PWRGEO,1,2027,0.86
RE1,PWRGEO,1,2028,0.86
RE1,PWRGEO,1,2029,0.86
RE1,PWRGEO,1,2030,0.86
RE1,PWRGEO,1,2031,0.86
RE1,PWRGEO,1,2032,0.86
RE1,PWRGEO,1,2033,0.86
RE1,PWRGEO,1,2034,0.86
RE1,PWRGEO,1,2035,0.86
RE1,PWRGEO,1,2036,0.86
RE1,PWRGEO,1,2037,0.86
RE1,PWRGEO,1,2038,0.86
RE1,PWRGEO,1,2039,0.86
RE1,PWRGEO,1,2040,0.86
RE1,PWRGEO,1,2041,0.86
RE1,PWRGEO,1,2042,0.86
RE1,PWRGEO,1,2043,0.86
RE1,PWRGEO,1,2044,0.86
RE1,PWRGEO,1,2045,0.86
RE1,PWRGEO,1,2046,0.86
RE1,PWRGEO,1,2047,0.86
RE1,PWRGEO,1,2048,0.86
RE1,PWRGEO,1,2049,0.86
RE1,PWRGEO,1,2050,0.86
RE1,PWRPVU,1,2020,0.0001
RE1,PWRPVU,1,2021,0.0001
RE1,PWRPVU,1,2022,0.0001
RE1,PWRPVU,1,2023,0.0001
RE1,PWRPVU,1,2024,0.0001
RE1,PWRPVU,1,2025,0.0001
RE1,PWRPVU,1,2026,0.0001
RE1,PWRPVU,1,2027,0.0001
RE1,PWRPVU,1,2028,0.0001
RE1,PWRPVU,1,2029,0.0001
RE1,PWRPVU,1,2030,0.0001
RE1,PWRPVU,1,2031,0.0001
RE1,PWRPVU,1,2032,0.0001
RE1,PWRPVU,1,2033,0.0001
RE1,PWRPVU,1,2034,0.0001
RE1,PWRPVU,1,2035,0.0001
RE1,PWRPVU,1,2036,0.0001
RE1,PWRPVU,1,2037,0.0001
RE1,PWRPVU,1,2038,0.0001
RE1,PWRPVU,1,2039,0.0001
RE1,PWRPVU,1,2040,0.0001
RE1,PWRPVU,1,2041,0.0001
RE1,PWRPVU,1,2042,0.0001
RE1,PWRPVU,1,2043,0.0001
RE1,PWRPVU,1,2044,0.0001
RE1,PWRPVU,1,2045,0.0001
RE1,PWRPVU,1,2046,0.0001
RE1,PWRPVU,1,2047,0.0001
RE1,PWRPVU,1,2048,0.0001
RE1,PWRPVU,1,2049,0.0001
RE1,PWRPVU,1,2050,0.0001
RE1,PWRHYD001,1,2020,0.0001
RE1,PWRHYD001,1,2021,0.0001
RE1,PWRHYD001,1,2022,0.0001
RE1,PWRHYD001,1,2023,0.0001
RE1,PWRHYD001,1,2024,0.0001
RE1,PWRHYD001,1,2025,0.0001
RE1,PWRHYD001,1,2026,0.0001
RE1,PWRHYD001,1,2027,0.0001
RE1,PWRHYD001,1,2028,0.0001
RE1,PWRHYD001,1,2029,0.0001
RE1,PWRHYD001,1,2030,0.0001
RE1,PWRHYD001,1,2031,0.0001
RE1,PWRHYD001,1,2032,0.0001
RE1,PWRHYD001,1,2033,0.0001
RE1,PWRHYD001,1,2034,0.0001
RE1,PWRHYD001,1,2035,0.0001
RE1,PWRHYD001,1,2036,0.0001
RE1,PWRHYD001,1,2037,0.0001
RE1,PWRHYD001,1,2038,0.0001
RE1,PWRHYD001,1,2039,0.0001
RE1,PWRHYD001,1,2040,0.0001
RE1,PWRHYD001,1,2041,0.0001
RE1,PWRHYD001,1,2042,0.0001
RE1,PWRHYD001,1,2043,0.0001
RE1,PWRHYD001,1,2044,0.0001
RE1,PWRHYD001,1,2045,0.0001
RE1,PWRHYD001,1,2046,0.0001
RE1,PWRHYD001,1,2047,0.0001
RE1,PWRHYD001,1,2048,0.0001
RE1,PWRHYD001,1,2049,0.0001
RE1,PWRHYD001,1,2050,0.0001
RE1,PWRHYD002,1,2020,0.0001
RE1,PWRHYD002,1,2021,0.0001
RE1,PWRHYD002,1,2022,0.0001
RE1,PWRHYD002,1,2023,0.0001
RE1,PWRHYD002,1,2024,0.0001
RE1,PWRHYD002,1,2025,0.0001
RE1,PWRHYD002,1,2026,0.0001
RE1,PWRHYD002,1,2027,0.0001
RE1,PWRHYD002,1,2028,0.0001
RE1,PWRHYD002,1,2029,0.0001
RE1,PWRHYD002,1,2030,0.0001
RE1,PWRHYD002,1,2031,0.0001
RE1,PWRHYD002,1,2032,0.0001
RE1,PWRHYD002,1,2033,0.0001
RE1,PWRHYD002,1,2034,0.0001
RE1,PWRHYD002,1,2035,0.0001
RE1,PWRHYD002,1,2036,0.0001
RE1,PWRHYD002,1,2037,0.0001
RE1,PWRHYD002,1,2038,0.0001
RE1,PWRHYD002,1,2039,0.0001
RE1,PWRHYD002,1,2040,0.0001
RE1,PWRHYD002,1,2041,0.0001
RE1,PWRHYD002,1,2042,0.0001
RE1,PWRHYD002,1,2043,0.0001
RE1,PWRHYD002,1,2044,0.0001
RE1,PWRHYD002,1,2045,0.0001
RE1,PWRHYD002,1,2046,0.0001
RE1,PWRHYD002,1,2047,0.0001
RE1,PWRHYD002,1,2048,0.0001
RE1,PWRHYD002,1,2049,0.0001
RE1,PWRHYD002,1,2050,0.0001
RE1,PWRPVR,1,2020,0.0001
RE1,PWRPVR,1,2021,0.0001
RE1,PWRPVR,1,2022,0.0001
RE1,PWRPVR,1,2023,0.0001
RE1,PWRPVR,1,2024,0.0001
RE1,PWRPVR,1,2025,0.0001
RE1,PWRPVR,1,2026,0.0001
RE1,PWRPVR,1,2027,0.0001
RE1,PWRPVR,1,2028,0.0001
RE1,PWRPVR,1,2029,0.0001
RE1,PWRPVR,1,2030,0.0001
RE1,PWRPVR,1,2031,0.0001
RE1,PWRPVR,1,2032,0.0001
RE1,PWRPVR,1,2033,0.0001
RE1,PWRPVR,1,2034,0.0001
RE1,PWRPVR,1,2035,0.0001
RE1,PWRPVR,1,2036,0.0001
RE1,PWRPVR,1,2037,0.0001
RE1,PWRPVR,1,2038,0.0001
RE1,PWRPVR,1,2039,0.0001
RE1,PWRPVR,1,2040,0.0001
RE1,PWRPVR,1,2041,0.0001
RE1,PWRPVR,1,2042,0.0001
RE1,PWRPVR,1,2043,0.0001
RE1,PWRPVR,1,2044,0.0001
RE1,PWRPVR,1,2045,0.0001
RE1,PWRPVR,1,2046,0.0001
RE1,PWRPVR,1,2047,0.0001
RE1,PWRPVR,1,2048,0.0001
RE1,PWRPVR,1,2049,0.0001
RE1,PWRPVR,1,2050,0.0001
RE1,PWRHYD004,1,2020,0.0001
RE1,PWRHYD004,1,2021,0.0001
RE1,PWRHYD004,1,2022,0.0001
RE1,PWRHYD004,1,2023,0.0001
RE1,PWRHYD004,1,2024,0.0001
RE1,PWRHYD004,1,2025,0.0001
RE1,PWRHYD004,1,2026,0.0001
RE1,PWRHYD004,1,2027,0.0001
RE1,PWRHYD004,1,2028,0.0001
RE1,PWRHYD004,1,2029,0.0001
RE1,PWRHYD004,1,2030,0.0001
RE1,PWRHYD004,1,2031,0.0001
RE1,PWRHYD004,1,2032,0.0001
RE1,PWRHYD004,1,2033,0.0001
RE1,PWRHYD004,1,2034,0.0001
RE1,PWRHYD004,1,2035,0.0001
RE1,PWRHYD004,1,2036,0.0001
RE1,PWRHYD004,1,2037,0.0001
RE1,PWRHYD004,1,2038,0.0001
RE1,PWRHYD004,1,2039,0.0001
RE1,PWRHYD004,1,2040,0.0001
RE1,PWRHYD004,1,2041,0.0001
RE1,PWRHYD004,1,2042,0.0001
RE1,PWRHYD004,1,2043,0.0001
RE1,PWRHYD004,1,2044,0.0001
RE1,PWRHYD004,1,2045,0.0001
RE1,PWRHYD004,1,2046,0.0001
RE1,PWRHYD004,1,2047,0.0001
RE1,PWRHYD004,1,2048,0.0001
RE1,PWRHYD004,1,2049,0.0001
RE1,PWRHYD004,1,2050,0.0001
RE1,PWRDSL,1,2020,1.517
RE1,PWRDSL,1,2021,1.517
RE1,PWRDSL,1,2022,1.517
RE1,PWRDSL,1,2023,1.517
RE1,PWRDSL,1,2024,1.517
RE1,PWRDSL,1,2025,1.517
RE1,PWRDSL,1,2026,1.517
RE1,PWRDSL,1,2027,1.517
RE1,PWRDSL,1,2028,1.517
RE1,PWRDSL,1,2029,1.517
RE1,PWRDSL,1,2030,1.517
RE1,PWRDSL,1,2031,1.517
RE1,PWRDSL,1,2032,1.517
RE1,PWRDSL,1,2033,1.517
RE1,PWRDSL,1,2034,1.517
RE1,PWRDSL,1,2035,1.517
RE1,PWRDSL,1,2036,1.517
RE1,PWRDSL,1,2037,1.517
RE1,PWRDSL,1,2038,1.517
RE1,PWRDSL,1,2039,1.517
RE1,PWRDSL,1,2040,1.517
RE1,PWRDSL,1,2041,1.517
RE1,PWRDSL,1,2042,1.517
RE1,PWRDSL,1,2043,1.517
RE1,PWRDSL,1,2044,1.517
RE1,PWRDSL,1,2045,1.517
RE1,PWRDSL,1,2046,1.517
RE1,PWRDSL,1,2047,1.517
RE1,PWRDSL,1,2048,1.517
RE1,PWRDSL,1,2049,1.517
RE1,PWRDSL,1,2050,1.517
RE1,PWRWND,1,2020,0.0001
RE1,PWRWND,1,2021,0.0001
RE1,PWRWND,1,2022,0.0001
RE1,PWRWND,1,2023,0.0001
RE1,PWRWND,1,2024,0.0001
RE1,PWRWND,1,2025,0.0001
RE1,PWRWND,1,2026,0.0001
RE1,PWRWND,1,2027,0.0001
RE1,PWRWND,1,2028,0.0001
RE1,PWRWND,1,2029,0.0001
RE1,PWRWND,1,2030,0.0001
RE1,PWRWND,1,2031,0.0001
RE1,PWRWND,1,2032,0.0001
RE1,PWRWND,1,2033,0.0001
RE1,PWRWND,1,2034,0.0001
RE1,PWRWND,1,2035,0.0001
RE1,PWRWND,1,2036,0.0001
RE1,PWRWND,1,2037,0.0001
RE1,PWRWND,1,2038,0.0001
RE1,PWRWND,1,2039,0.0001
RE1,PWRWND,1,2040,0.0001
RE1,PWRWND,1,2041,0.0001
RE1,PWRWND,1,2042,0.0001
RE1,PWRWND,1,2043,0.0001
RE1,PWRWND,1,2044,0.0001
RE1,PWRWND,1,2045,0.0001
RE1,PWRWND,1,2046,0.0001
RE1,PWRWND,1,2047,0.0001
RE1,PWRWND,1,2048,0.0001
RE1,PWRWND,1,2049,0.0001
RE1,PWRWND,1,2050,0.0001
RE1,PWRTRN,1,2020,0.0001
RE1,PWRTRN,1,2021,0.0001
RE1,PWRTRN,1,2022,0.0001
RE1,PWRTRN,1,2023,0.0001
RE1,PWRTRN,1,2024,0.0001
RE1,PWRTRN,1,2025,0.0001
RE1,PWRTRN,1,2026,0.0001
RE1,PWRTRN,1,2027,0.0001
RE1,PWRTRN,1,2028,0.0001
RE1,PWRTRN,1,2029,0.0001
RE1,PWRTRN,1,2030,0.0001
RE1,PWRTRN,1,2031,0.0001
RE1,PWRTRN,1,2032,0.0001
RE1,PWRTRN,1,2033,0.0001
RE1,PWRTRN,1,2034,0.0001
RE1,PWRTRN,1,2035,0.0001
RE1,PWRTRN,1,2036,0.0001
RE1,PWRTRN,1,2037,0.0001
RE1,PWRTRN,1,2038,0.0001
RE1,PWRTRN,1,2039,0.0001
RE1,PWRTRN,1,2040,0.0001
RE1,PWRTRN,1,2041,0.0001
RE1,PWRTRN,1,2042,0.0001
RE1,PWRTRN,1,2043,0.0001
RE1,PWRTRN,1,2044,0.0001
RE1,PWRTRN,1,2045,0.0001
RE1,PWRTRN,1,2046,0.0001
RE1,PWRTRN,1,2047,0.0001
RE1,PWRTRN,1,2048,0.0001
RE1,PWRTRN,1,2049,0.0001
RE1,PWRTRN,1,2050,0.0001
RE1,DEMRESEL002,1,2020,0.0001
RE1,DEMRESEL002,1,2021,0.0001
RE1,DEMRESEL002,1,2022,0.0001
RE1,DEMRESEL002,1,2023,0.0001
RE1,DEMRESEL002,1,2024,0.0001
RE1,DEMRESEL002,1,2025,0.0001
RE1,DEMRESEL002,1,2026,0.0001
RE1,DEMRESEL002,1,2027,0.0001
RE1,DEMRESEL002,1,2028,0.0001
RE1,DEMRESEL002,1,2029,0.0001
RE1,DEMRESEL002,1,2030,0.0001
RE1,DEMRESEL002,1,2031,0.0001
RE1,DEMRESEL002,1,2032,0.0001
RE1,DEMRESEL002,1,2033,0.0001
RE1,DEMRESEL002,1,2034,0.0001
RE1,DEMRESEL002,1,2035,0.0001
RE1,DEMRESEL002,1,2036,0.0001
RE1,DEMRESEL002,1,2037,0.0001
RE1,DEMRESEL002,1,2038,0.0001
RE1,DEMRESEL002,1,2039,0.0001
RE1,DEMRESEL002,1,2040,0.0001
RE1,DEMRESEL002,1,2041,0.0001
RE1,DEMRESEL002,1,2042,0.0001
RE1,DEMRESEL002,1,2043,0.0001
RE1,DEMRESEL002,1,2044,0.0001
RE1,DEMRESEL002,1,2045,0.0001
RE1,DEMRESEL002,1,2046,0.0001
RE1,DEMRESEL002,1,2047,0.0001
RE1,DEMRESEL002,1,2048,0.0001
RE1,DEMRESEL002,1,2049,0.0001
RE1,DEMRESEL002,1,2050,0.0001
RE1,DEMINDEL002,1,2020,0.0001
RE1,DEMINDEL002,1,2021,0.0001
RE1,DEMINDEL002,1,2022,0.0001
RE1,DEMINDEL002,1,2023,0.0001
RE1,DEMINDEL002,1,2024,0.0001
RE1,DEMINDEL002,1,2025,0.0001
RE1,DEMINDEL002,1,2026,0.0001
RE1,DEMINDEL002,1,2027,0.0001
RE1,DEMINDEL002,1,2028,0.0001
RE1,DEMINDEL002,1,2029,0.0001
RE1,DEMINDEL002,1,2030,0.0001
RE1,DEMINDEL002,1,2031,0.0001
RE1,DEMINDEL002,1,2032,0.0001
RE1,DEMINDEL002,1,2033,0.0001
RE1,DEMINDEL002,1,2034,0.0001
RE1,DEMINDEL002,1,2035,0.0001
RE1,DEMINDEL002,1,2036,0.0001
RE1,DEMINDEL002,1,2037,0.0001
RE1,DEMINDEL002,1,2038,0.0001
RE1,DEMINDEL002,1,2039,0.0001
RE1,DEMINDEL002,1,2040,0.0001
RE1,DEMINDEL002,1,2041,0.0001
RE1,DEMINDEL002,1,2042,0.0001
RE1,DEMINDEL002,1,2043,0.0001
RE1,DEMINDEL002,1,2044,0.0001
RE1,DEMINDEL002,1,2045,0.0001
RE1,DEMINDEL002,1,2046,0.0001
RE1,DEMINDEL002,1,2047,0.0001
RE1,DEMINDEL002,1,2048,0.0001
RE1,DEMINDEL002,1,2049,0.0001
RE1,DEMINDEL002,1,2050,0.0001
RE1,DEMCOMEL002,1,2020,0.0001
RE1,DEMCOMEL002,1,2021,0.0001
RE1,DEMCOMEL002,1,2022,0.0001
RE1,DEMCOMEL002,1,2023,0.0001
RE1,DEMCOMEL002,1,2024,0.0001
RE1,DEMCOMEL002,1,2025,0.0001
RE1,DEMCOMEL002,1,2026,0.0001
RE1,DEMCOMEL002,1,2027,0.0001
RE1,DEMCOMEL002,1,2028,0.0001
RE1,DEMCOMEL002,1,2029,0.0001
RE1,DEMCOMEL002,1,2030,0.0001
RE1,DEMCOMEL002,1,2031,0.0001
RE1,DEMCOMEL002,1,2032,0.0001
RE1,DEMCOMEL002,1,2033,0.0001
RE1,DEMCOMEL002,1,2034,0.0001
RE1,DEMCOMEL002,1,2035,0.0001
RE1,DEMCOMEL002,1,2036,0.0001
RE1,DEMCOMEL002,1,2037,0.0001
RE1,DEMCOMEL002,1,2038,0.0001
RE1,DEMCOMEL002,1,2039,0.0001
RE1,DEMCOMEL002,1,2040,0.0001
RE1,DEMCOMEL002,1,2041,0.0001
RE1,DEMCOMEL002,1,2042,0.0001
RE1,DEMCOMEL002,1,2043,0.0001
RE1,DEMCOMEL002,1,2044,0.0001
RE1,DEMCOMEL002,1,2045,0.0001
RE1,DEMCOMEL002,1,2046,0.0001
RE1,DEMCOMEL002,1,2047,0.0001
RE1,DEMCOMEL002,1,2048,0.0001
RE1,DEMCOMEL002,1,2049,0.0001
RE1,DEMCOMEL002,1,2050,0.0001
RE1,DEMTRAEL002,1,2020,0.0001
RE1,DEMTRAEL002,1,2021,0.0001
RE1,DEMTRAEL002,1,2022,0.0001
RE1,DEMTRAEL002,1,2023,0.0001
RE1,DEMTRAEL002,1,2024,0.0001
RE1,DEMTRAEL002,1,2025,0.0001
RE1,DEMTRAEL002,1,2026,0.0001
RE1,DEMTRAEL002,1,2027,0.0001
RE1,DEMTRAEL002,1,2028,0.0001
RE1,DEMTRAEL002,1,2029,0.0001
RE1,DEMTRAEL002,1,2030,0.0001
RE1,DEMTRAEL002,1,2031,0.0001
RE1,DEMTRAEL002,1,2032,0.0001
RE1,DEMTRAEL002,1,2033,0.0001
RE1,DEMTRAEL002,1,2034,0.0001
RE1,DEMTRAEL002,1,2035,0.0001
RE1,DEMTRAEL002,1,2036,0.0001
RE1,DEMTRAEL002,1,2037,0.0001
RE1,DEMTRAEL002,1,2038,0.0001
RE1,DEMTRAEL002,1,2039,0.0001
RE1,DEMTRAEL002,1,2040,0.0001
RE1,DEMTRAEL002,1,2041,0.0001
RE1,DEMTRAEL002,1,2042,0.0001
RE1,DEMTRAEL002,1,2043,0.0001
RE1,DEMTRAEL002,1,2044,0.0001
RE1,DEMTRAEL002,1,2045,0.0001
RE1,DEMTRAEL002,1,2046,0.0001
RE1,DEMTRAEL002,1,2047,0.0001
RE1,DEMTRAEL002,1,2048,0.0001
RE1,DEMTRAEL002,1,2049,0.0001
RE1,DEMTRAEL002,1,2050,0.0001
RE1,DEMEXPEL002,1,2020,0.0001
RE1,DEMEXPEL002,1,2021,0.0001
RE1,DEMEXPEL002,1,2022,0.0001
RE1,DEMEXPEL002,1,2023,0.0001
RE1,DEMEXPEL002,1,2024,0.0001
RE1,DEMEXPEL002,1,2025,0.0001
RE1,DEMEXPEL002,1,2026,0.0001
RE1,DEMEXPEL002,1,2027,0.0001
RE1,DEMEXPEL002,1,2028,0.0001
RE1,DEMEXPEL002,1,2029,0.0001
RE1,DEMEXPEL002,1,2030,0.0001
RE1,DEMEXPEL002,1,2031,0.0001
RE1,DEMEXPEL002,1,2032,0.0001
RE1,DEMEXPEL002,1,2033,0.0001
RE1,DEMEXPEL002,1,2034,0.0001
RE1,DEMEXPEL002,1,2035,0.0001
RE1,DEMEXPEL002,1,2036,0.0001
RE1,DEMEXPEL002,1,2037,0.0001
RE1,DEMEXPEL002,1,2038,0.0001
RE1,DEMEXPEL002,1,2039,0.0001
RE1,DEMEXPEL002,1,2040,0.0001
RE1,DEMEXPEL002,1,2041,0.0001
RE1,DEMEXPEL002,1,2042,0.0001
RE1,DEMEXPEL002,1,2043,0.0001
RE1,DEMEXPEL002,1,2044,0.0001
RE1,DEMEXPEL002,1,2045,0.0001
RE1,DEMEXPEL002,1,2046,0.0001
RE1,DEMEXPEL002,1,2047,0.0001
RE1,DEMEXPEL002,1,2048,0.0001
RE1,DEMEXPEL002,1,2049,0.0001
RE1,DEMEXPEL002,1,2050,0.0001
RE1,PWRBIO001,1,2020,0.311
RE1,PWRBIO001,1,2021,0.311
RE1,PWRBIO001,1,2022,0.311
RE1,PWRBIO001,1,2023,0.311
RE1,PWRBIO001,1,2024,0.311
RE1,PWRBIO001,1,2025,0.311
RE1,PWRBIO001,1,2026,0.311
RE1,PWRBIO001,1,2027,0.311
RE1,PWRBIO001,1,2028,0.311
RE1,PWRBIO001,1,2029,0.311
RE1,PWRBIO001,1,2030,0.311
RE1,PWRBIO001,1,2031,0.311
RE1,PWRBIO001,1,2032,0.311
RE1,PWRBIO001,1,2033,0.311
RE1,PWRBIO001,1,2034,0.311
RE1,PWRBIO001,1,2035,0.311
RE1,PWRBIO001,1,2036,0.311
RE1,PWRBIO001,1,2037,0.311
RE1,PWRBIO001,1,2038,0.311
RE1,PWRBIO001,1,2039,0.311
RE1,PWRBIO001,1,2040,0.311
RE1,PWRBIO001,1,2041,0.311
RE1,PWRBIO001,1,2042,0.311
RE1,PWRBIO001,1,2043,0.311
RE1,PWRBIO001,1,2044,0.311
RE1,PWRBIO001,1,2045,0.311
RE1,PWRBIO001,1,2046,0.311
RE1,PWRBIO001,1,2047,0.311
RE1,PWRBIO001,1,2048,0.311
RE1,PWRBIO001,1,2049,0.311
RE1,PWRBIO001,1,2050,0.311
RE1,IMPPET,1,2020,12.2
RE1,IMPPET,1,2021,12.312
RE1,IMPPET,1,2022,12.424
RE1,IMPPET,1,2023,12.536
RE1,IMPPET,1,2024,12.648
RE1,IMPPET,1,2025,12.76
RE1,IMPPET,1,2026,13.062
RE1,IMPPET,1,2027,13.364
RE1,IMPPET,1,2028,13.666
RE1,IMPPET,1,2029,13.968
RE1,IMPPET,1,2030,14.27
RE1,IMPPET,1,2031,14.533
RE1,IMPPET,1,2032,14.796
RE1,IMPPET,1,2033,15.059
RE1,IMPPET,1,2034,15.322
RE1,IMPPET,1,2035,15.585
RE1,IMPPET,1,2036,15.848
RE1,IMPPET,1,2037,16.111
RE1,IMPPET,1,2038,16.374
RE1,IMPPET,1,2039,16.637
RE1,IMPPET,1,2040,16.9
RE1,IMPPET,1,2041,17.163
RE1,IMPPET,1,2042,17.426
RE1,IMPPET,1,2043,17.689
RE1,IMPPET,1,2044,17.952
RE1,IMPPET,1,2045,18.215
RE1,IMPPET,1,2046,18.478
RE1,IMPPET,1,2047,18.741
RE1,IMPPET,1,2048,19.004
RE1,IMPPET,1,2049,19.267
RE1,IMPPET,1,2050,19.53
RE1,DEMTRAPET,1,2020,0.0001
RE1,DEMTRAPET,1,2021,0.0001
RE1,DEMTRAPET,1,2022,0.0001
RE1,DEMTRAPET,1,2023,0.0001
RE1,DEMTRAPET,1,2024,0.0001
RE1,DEMTRAPET,1,2025,0.0001
RE1,DEMTRAPET,1,2026,0.0001
RE1,DEMTRAPET,1,2027,0.0001
RE1,DEMTRAPET,1,2028,0.0001
RE1,DEMTRAPET,1,2029,0.0001
RE1,DEMTRAPET,1,2030,0.0001
RE1,DEMTRAPET,1,2031,0.0001
RE1,DEMTRAPET,1,2032,0.0001
RE1,DEMTRAPET,1,2033,0.0001
RE1,DEMTRAPET,1,2034,0.0001
RE1,DEMTRAPET,1,2035,0.0001
RE1,DEMTRAPET,1,2036,0.0001
RE1,DEMTRAPET,1,2037,0.0001
RE1,DEMTRAPET,1,2038,0.0001
RE1,DEMTRAPET,1,2039,0.0001
RE1,DEMTRAPET,1,2040,0.0001
RE1,DEMTRAPET,1,2041,0.0001
RE1,DEMTRAPET,1,2042,0.0001
RE1,DEMTRAPET,1,2043,0.0001
RE1,DEMTRAPET,1,2044,0.0001
RE1,DEMTRAPET,1,2045,0.0001
RE1,DEMTRAPET,1,2046,0.0001
RE1,DEMTRAPET,1,2047,0.0001
RE1,DEMTRAPET,1,2048,0.0001
RE1,DEMTRAPET,1,2049,0.0001
RE1,DEMTRAPET,1,2050,0.0001
RE1,DEMRESBIO,1,2020,0.0001
RE1,DEMRESBIO,1,2021,0.0001
RE1,DEMRESBIO,1,2022,0.0001
RE1,DEMRESBIO,1,2023,0.0001
RE1,DEMRESBIO,1,2024,0.0001
RE1,DEMRESBIO,1,2025,0.0001
RE1,DEMRESBIO,1,2026,0.0001
RE1,DEMRESBIO,1,2027,0.0001
RE1,DEMRESBIO,1,2028,0.0001
RE1,DEMRESBIO,1,2029,0.0001
RE1,DEMRESBIO,1,2030,0.0001
RE1,DEMRESBIO,1,2031,0.0001
RE1,DEMRESBIO,1,2032,0.0001
RE1,DEMRESBIO,1,2033,0.0001
RE1,DEMRESBIO,1,2034,0.0001
RE1,DEMRESBIO,1,2035,0.0001
RE1,DEMRESBIO,1,2036,0.0001
RE1,DEMRESBIO,1,2037,0.0001
RE1,DEMRESBIO,1,2038,0.0001
RE1,DEMRESBIO,1,2039,0.0001
RE1,DEMRESBIO,1,2040,0.0001
RE1,DEMRESBIO,1,2041,0.0001
RE1,DEMRESBIO,1,2042,0.0001
RE1,DEMRESBIO,1,2043,0.0001
RE1,DEMRESBIO,1,2044,0.0001
RE1,DEMRESBIO,1,2045,0.0001
RE1,DEMRESBIO,1,2046,0.0001
RE1,DEMRESBIO,1,2047,0.0001
RE1,DEMRESBIO,1,2048,0.0001
RE1,DEMRESBIO,1,2049,0.0001
RE1,DEMRESBIO,1,2050,0.0001
RE1,DEMINDCOA,1,2020,0.0001
RE1,DEMINDCOA,1,2021,0.0001
RE1,DEMINDCOA,1,2022,0.0001
RE1,DEMINDCOA,1,2023,0.0001
RE1,DEMINDCOA,1,2024,0.0001
RE1,DEMINDCOA,1,2025,0.0001
RE1,DEMINDCOA,1,2026,0.0001
RE1,DEMINDCOA,1,2027,0.0001
RE1,DEMINDCOA,1,2028,0.0001
RE1,DEMINDCOA,1,2029,0.0001
RE1,DEMINDCOA,1,2030,0.0001
RE1,DEMINDCOA,1,2031,0.0001
RE1,DEMINDCOA,1,2032,0.0001
RE1,DEMINDCOA,1,2033,0.0001
RE1,DEMINDCOA,1,2034,0.0001
RE1,DEMINDCOA,1,2035,0.0001
RE1,DEMINDCOA,1,2036,0.0001
RE1,DEMINDCOA,1,2037,0.0001
RE1,DEMINDCOA,1,2038,0.0001
RE1,DEMINDCOA,1,2039,0.0001
RE1,DEMINDCOA,1,2040,0.0001
RE1,DEMINDCOA,1,2041,0.0001
RE1,DEMINDCOA,1,2042,0.0001
RE1,DEMINDCOA,1,2043,0.0001
RE1,DEMINDCOA,1,2044,0.0001
RE1,DEMINDCOA,1,2045,0.0001
RE1,DEMINDCOA,1,2046,0.0001
RE1,DEMINDCOA,1,2047,0.0001
RE1,DEMINDCOA,1,2048,0.0001
RE1,DEMINDCOA,1,2049,0.0001
RE1,DEMINDCOA,1,2050,0.0001
RE1,MINLND,1,2020,0.0001
RE1,MINLND,1,2021,0.0001
RE1,MINLND,1,2022,0.0001
RE1,MINLND,1,2023,0.0001
RE1,MINLND,1,2024,0.0001
RE1,MINLND,1,2025,0.0001
RE1,MINLND,1,2026,0.0001
RE1,MINLND,1,2027,0.0001
RE1,MINLND,1,2028,0.0001
RE1,MINLND,1,2029,0.0001
RE1,MINLND,1,2030,0.0001
RE1,MINLND,1,2031,0.0001
RE1,MINLND,1,2032,0.0001
RE1,MINLND,1,2033,0.0001
RE1,MINLND,1,2034,0.0001
RE1,MINLND,1,2035,0.0001
RE1,MINLND,1,2036,0.0001
RE1,MINLND,1,2037,0.0001
RE1,MINLND,1,2038,0.0001
RE1,MINLND,1,2039,0.0001
RE1,MINLND,1,2040,0.0001
RE1,MINLND,1,2041,0.0001
RE1,MINLND,1,2042,0.0001
RE1,MINLND,1,2043,0.0001
RE1,MINLND,1,2044,0.0001
RE1,MINLND,1,2045,0.0001
RE1,MINLND,1,2046,0.0001
RE1,MINLND,1,2047,0.0001
RE1,MINLND,1,2048,0.0001
RE1,MINLND,1,2049,0.0001
RE1,MINLND,1,2050,0.0001
RE1,LNDTEFHR,1,2020,0.0001
RE1,LNDTEFHR,1,2021,0.0001
RE1,LNDTEFHR,1,2022,0.0001
RE1,LNDTEFHR,1,2023,0.0001
RE1,LNDTEFHR,1,2024,0.0001
RE1,LNDTEFHR,1,2025,0.0001
RE1,LNDTEFHR,1,2026,0.0001
RE1,LNDTEFHR,1,2027,0.0001
RE1,LNDTEFHR,1,2028,0.0001
RE1,LNDTEFHR,1,2029,0.0001
RE1,LNDTEFHR,1,2030,0.0001
RE1,LNDTEFHR,1,2031,0.0001
RE1,LNDTEFHR,1,2032,0.0001
RE1,LNDTEFHR,1,2033,0.0001
RE1,LNDTEFHR,1,2034,0.0001
RE1,LNDTEFHR,1,2035,0.0001
RE1,LNDTEFHR,1,2036,0.0001
RE1,LNDTEFHR,1,2037,0.0001
RE1,LNDTEFHR,1,2038,0.0001
RE1,LNDTEFHR,1,2039,0.0001
RE1,LNDTEFHR,1,2040,0.0001
RE1,LNDTEFHR,1,2041,0.0001
RE1,LNDTEFHR,1,2042,0.0001
RE1,LNDTEFHR,1,2043,0.0001
RE1,LNDTEFHR,1,2044,0.0001
RE1,LNDTEFHR,1,2045,0.0001
RE1,LNDTEFHR,1,2046,0.0001
RE1,LNDTEFHR,1,2047,0.0001
RE1,LNDTEFHR,1,2048,0.0001
RE1,LNDTEFHR,1,2049,0.0001
RE1,LNDTEFHR,1,2050,0.0001
RE1,LNDTEFLR,1,2020,0.0001
RE1,LNDTEFLR,1,2021,0.0001
RE1,LNDTEFLR,1,2022,0.0001
RE1,LNDTEFLR,1,2023,0.0001
RE1,LNDTEFLR,1,2024,0.0001
RE1,LNDTEFLR,1,2025,0.0001
RE1,LNDTEFLR,1,2026,0.0001
RE1,LNDTEFLR,1,2027,0.0001
RE1,LNDTEFLR,1,2028,0.0001
RE1,LNDTEFLR,1,2029,0.0001
RE1,LNDTEFLR,1,2030,0.0001
RE1,LNDTEFLR,1,2031,0.0001
RE1,LNDTEFLR,1,2032,0.0001
RE1,LNDTEFLR,1,2033,0.0001
RE1,LNDTEFLR,1,2034,0.0001
RE1,LNDTEFLR,1,2035,0.0001
RE1,LNDTEFLR,1,2036,0.0001
RE1,LNDTEFLR,1,2037,0.0001
RE1,LNDTEFLR,1,2038,0.0001
RE1,LNDTEFLR,1,2039,0.0001
RE1,LNDTEFLR,1,2040,0.0001
RE1,LNDTEFLR,1,2041,0.0001
RE1,LNDTEFLR,1,2042,0.0001
RE1,LNDTEFLR,1,2043,0.0001
RE1,LNDTEFLR,1,2044,0.0001
RE1,LNDTEFLR,1,2045,0.0001
RE1,LNDTEFLR,1,2046,0.0001
RE1,LNDTEFLR,1,2047,0.0001
RE1,LNDTEFLR,1,2048,0.0001
RE1,LNDTEFLR,1,2049,0.0001
RE1,LNDTEFLR,1,2050,0.0001
RE1,LNDTEFHI,1,2020,0.0001
RE1,LNDTEFHI,1,2021,0.0001
RE1,LNDTEFHI,1,2022,0.0001
RE1,LNDTEFHI,1,2023,0.0001
RE1,LNDTEFHI,1,2024,0.0001
RE1,LNDTEFHI,1,2025,0.0001
RE1,LNDTEFHI,1,2026,0.0001
RE1,LNDTEFHI,1,2027,0.0001
RE1,LNDTEFHI,1,2028,0.0001
RE1,LNDTEFHI,1,2029,0.0001
RE1,LNDTEFHI,1,2030,0.0001
RE1,LNDTEFHI,1,2031,0.0001
RE1,LNDTEFHI,1,2032,0.0001
RE1,LNDTEFHI,1,2033,0.0001
RE1,LNDTEFHI,1,2034,0.0001
RE1,LNDTEFHI,1,2035,0.0001
RE1,LNDTEFHI,1,2036,0.0001
RE1,LNDTEFHI,1,2037,0.0001
RE1,LNDTEFHI,1,2038,0.0001
RE1,LNDTEFHI,1,2039,0.0001
RE1,LNDTEFHI,1,2040,0.0001
RE1,LNDTEFHI,1,2041,0.0001
RE1,LNDTEFHI,1,2042,0.0001
RE1,LNDTEFHI,1,2043,0.0001
RE1,LNDTEFHI,1,2044,0.0001
RE1,LNDTEFHI,1,2045,0.0001
RE1,LNDTEFHI,1,2046,0.0001
RE1,LNDTEFHI,1,2047,0.0001
RE1,LNDTEFHI,1,2048,0.0001
RE1,LNDTEFHI,1,2049,0.0001
RE1,LNDTEFHI,1,2050,0.0001
RE1,LNDTEFLI,1,2020,0.0001
RE1,LNDTEFLI,1,2021,0.0001
RE1,LNDTEFLI,1,2022,0.0001
RE1,LNDTEFLI,1,2023,0.0001
RE1,LNDTEFLI,1,2024,0.0001
RE1,LNDTEFLI,1,2025,0.0001
RE1,LNDTEFLI,1,2026,0.0001
RE1,LNDTEFLI,1,2027,0.0001
RE1,LNDTEFLI,1,2028,0.0001
RE1,LNDTEFLI,1,2029,0.0001
RE1,LNDTEFLI,1,2030,0.0001
RE1,LNDTEFLI,1,2031,0.0001
RE1,LNDTEFLI,1,2032,0.0001
RE1,LNDTEFLI,1,2033,0.0001
RE1,LNDTEFLI,1,2034,0.0001
RE1,LNDTEFLI,1,2035,0.0001
RE1,LNDTEFLI,1,2036,0.0001
RE1,LNDTEFLI,1,2037,0.0001
RE1,LNDTEFLI,1,2038,0.0001
RE1,LNDTEFLI,1,2039,0.0001
RE1,LNDTEFLI,1,2040,0.0001
RE1,LNDTEFLI,1,2041,0.0001
RE1,LNDTEFLI,1,2042,0.0001
RE1,LNDTEFLI,1,2043,0.0001
RE1,LNDTEFLI,1,2044,0.0001
RE1,LNDTEFLI,1,2045,0.0001
RE1,LNDTEFLI,1,2046,0.0001
RE1,LNDTEFLI,1,2047,0.0001
RE1,LNDTEFLI,1,2048,0.0001
RE1,LNDTEFLI,1,2049,0.0001
RE1,LNDTEFLI,1,2050,0.0001
RE1,LNDMAIHR,1,2020,0.0001
RE1,LNDMAIHR,1,2021,0.0001
RE1,LNDMAIHR,1,2022,0.0001
RE1,LNDMAIHR,1,2023,0.0001
RE1,LNDMAIHR,1,2024,0.0001
RE1,LNDMAIHR,1,2025,0.0001
RE1,LNDMAIHR,1,2026,0.0001
RE1,LNDMAIHR,1,2027,0.0001
RE1,LNDMAIHR,1,2028,0.0001
RE1,LNDMAIHR,1,2029,0.0001
RE1,LNDMAIHR,1,2030,0.0001
RE1,LNDMAIHR,1,2031,0.0001
RE1,LNDMAIHR,1,2032,0.0001
RE1,LNDMAIHR,1,2033,0.0001
RE1,LNDMAIHR,1,2034,0.0001
RE1,LNDMAIHR,1,2035,0.0001
RE1,LNDMAIHR,1,2036,0.0001
RE1,LNDMAIHR,1,2037,0.0001
RE1,LNDMAIHR,1,2038,0.0001
RE1,LNDMAIHR,1,2039,0.0001
RE1,LNDMAIHR,1,2040,0.0001
RE1,LNDMAIHR,1,2041,0.0001
RE1,LNDMAIHR,1,2042,0.0001
RE1,LNDMAIHR,1,2043,0.0001
RE1,LNDMAIHR,1,2044,0.0001
RE1,LNDMAIHR,1,2045,0.0001
RE1,LNDMAIHR,1,2046,0.0001
RE1,LNDMAIHR,1,2047,0.0001
RE1,LNDMAIHR,1,2048,0.0001
RE1,LNDMAIHR,1,2049,0.0001
RE1,LNDMAIHR,1,2050,0.0001
RE1,LNDMAILR,1,2020,0.0001
RE1,LNDMAILR,1,2021,0.0001
RE1,LNDMAILR,1,2022,0.0001
RE1,LNDMAILR,1,2023,0.0001
RE1,LNDMAILR,1,2024,0.0001
RE1,LNDMAILR,1,2025,0.0001
RE1,LNDMAILR,1,2026,0.0001
RE1,LNDMAILR,1,2027,0.0001
RE1,LNDMAILR,1,2028,0.0001
RE1,LNDMAILR,1,2029,0.0001
RE1,LNDMAILR,1,2030,0.0001
RE1,LNDMAILR,1,2031,0.0001
RE1,LNDMAILR,1,2032,0.0001
RE1,LNDMAILR,1,2033,0.0001
RE1,LNDMAILR,1,2034,0.0001
RE1,LNDMAILR,1,2035,0.0001
RE1,LNDMAILR,1,2036,0.0001
RE1,LNDMAILR,1,2037,0.0001
RE1,LNDMAILR,1,2038,0.0001
RE1,LNDMAILR,1,2039,0.0001
RE1,LNDMAILR,1,2040,0.0001
RE1,LNDMAILR,1,2041,0.0001
RE1,LNDMAILR,1,2042,0.0001
RE1,LNDMAILR,1,2043,0.0001
RE1,LNDMAILR,1,2044,0.0001
RE1,LNDMAILR,1,2045,0.0001
RE1,LNDMAILR,1,2046,0.0001
RE1,LNDMAILR,1,2047,0.0001
RE1,LNDMAILR,1,2048,0.0001
RE1,LNDMAILR,1,2049,0.0001
RE1,LNDMAILR,1,2050,0.0001
RE1,LNDMAIHI,1,2020,0.0001
RE1,LNDMAIHI,1,2021,0.0001
RE1,LNDMAIHI,1,2022,0.0001
RE1,LNDMAIHI,1,2023,0.0001
RE1,LNDMAIHI,1,2024,0.0001
RE1,LNDMAIHI,1,2025,0.0001
RE1,LNDMAIHI,1,2026,0.0001
RE1,LNDMAIHI,1,2027,0.0001
RE1,LNDMAIHI,1,2028,0.0001
RE1,LNDMAIHI,1,2029,0.0001
RE1,LNDMAIHI,1,2030,0.0001
RE1,LNDMAIHI,1,2031,0.0001
RE1,LNDMAIHI,1,2032,0.0001
RE1,LNDMAIHI,1,2033,0.0001
RE1,LNDMAIHI,1,2034,0.0001
RE1,LNDMAIHI,1,2035,0.0001
RE1,LNDMAIHI,1,2036,0.0001
RE1,LNDMAIHI,1,2037,0.0001
RE1,LNDMAIHI,1,2038,0.0001
RE1,LNDMAIHI,1,2039,0.0001
RE1,LNDMAIHI,1,2040,0.0001
RE1,LNDMAIHI,1,2041,0.0001
RE1,LNDMAIHI,1,2042,0.0001
RE1,LNDMAIHI,1,2043,0.0001
RE1,LNDMAIHI,1,2044,0.0001
RE1,LNDMAIHI,1,2045,0.0001
RE1,LNDMAIHI,1,2046,0.0001
RE1,LNDMAIHI,1,2047,0.0001
RE1,LNDMAIHI,1,2048,0.0001
RE1,LNDMAIHI,1,2049,0.0001
RE1,LNDMAIHI,1,2050,0.0001
RE1,LNDMAILI,1,2020,0.0001
RE1,LNDMAILI,1,2021,0.0001
RE1,LNDMAILI,1,2022,0.0001
RE1,LNDMAILI,1,2023,0.0001
RE1,LNDMAILI,1,2024,0.0001
RE1,LNDMAILI,1,2025,0.0001
RE1,LNDMAILI,1,2026,0.0001
RE1,LNDMAILI,1,2027,0.0001
RE1,LNDMAILI,1,2028,0.0001
RE1,LNDMAILI,1,2029,0.0001
RE1,LNDMAILI,1,2030,0.0001
RE1,LNDMAILI,1,2031,0.0001
RE1,LNDMAILI,1,2032,0.0001
RE1,LNDMAILI,1,2033,0.0001
RE1,LNDMAILI,1,2034,0.0001
RE1,LNDMAILI,1,2035,0.0001
RE1,LNDMAILI,1,2036,0.0001
RE1,LNDMAILI,1,2037,0.0001
RE1,LNDMAILI,1,2038,0.0001
RE1,LNDMAILI,1,2039,0.0001
RE1,LNDMAILI,1,2040,0.0001
RE1,LNDMAILI,1,2041,0.0001
RE1,LNDMAILI,1,2042,0.0001
RE1,LNDMAILI,1,2043,0.0001
RE1,LNDMAILI,1,2044,0.0001
RE1,LNDMAILI,1,2045,0.0001
RE1,LNDMAILI,1,2046,0.0001
RE1,LNDMAILI,1,2047,0.0001
RE1,LNDMAILI,1,2048,0.0001
RE1,LNDMAILI,1,2049,0.0001
RE1,LNDMAILI,1,2050,0.0001
RE1,LNDWHEHR,1,2020,0.0001
RE1,LNDWHEHR,1,2021,0.0001
RE1,LNDWHEHR,1,2022,0.0001
RE1,LNDWHEHR,1,2023,0.0001
RE1,LNDWHEHR,1,2024,0.0001
RE1,LNDWHEHR,1,2025,0.0001
RE1,LNDWHEHR,1,2026,0.0001
RE1,LNDWHEHR,1,2027,0.0001
RE1,LNDWHEHR,1,2028,0.0001
RE1,LNDWHEHR,1,2029,0.0001
RE1,LNDWHEHR,1,2030,0.0001
RE1,LNDWHEHR,1,2031,0.0001
RE1,LNDWHEHR,1,2032,0.0001
RE1,LNDWHEHR,1,2033,0.0001
RE1,LNDWHEHR,1,2034,0.0001
RE1,LNDWHEHR,1,2035,0.0001
RE1,LNDWHEHR,1,2036,0.0001
RE1,LNDWHEHR,1,2037,0.0001
RE1,LNDWHEHR,1,2038,0.0001
RE1,LNDWHEHR,1,2039,0.0001
RE1,LNDWHEHR,1,2040,0.0001
RE1,LNDWHEHR,1,2041,0.0001
RE1,LNDWHEHR,1,2042,0.0001
RE1,LNDWHEHR,1,2043,0.0001
RE1,LNDWHEHR,1,2044,0.0001
RE1,LNDWHEHR,1,2045,0.0001
RE1,LNDWHEHR,1,2046,0.0001
RE1,LNDWHEHR,1,2047,0.0001
RE1,LNDWHEHR,1,2048,0.0001
RE1,LNDWHEHR,1,2049,0.0001
RE1,LNDWHEHR,1,2050,0.0001
RE1,LNDWHELR,1,2020,0.0001
RE1,LNDWHELR,1,2021,0.0001
RE1,LNDWHELR,1,2022,0.0001
RE1,LNDWHELR,1,2023,0.0001
RE1,LNDWHELR,1,2024,0.0001
RE1,LNDWHELR,1,2025,0.0001
RE1,LNDWHELR,1,2026,0.0001
RE1,LNDWHELR,1,2027,0.0001
RE1,LNDWHELR,1,2028,0.0001
RE1,LNDWHELR,1,2029,0.0001
RE1,LNDWHELR,1,2030,0.0001
RE1,LNDWHELR,1,2031,0.0001
RE1,LNDWHELR,1,2032,0.0001
RE1,LNDWHELR,1,2033,0.0001
RE1,LNDWHELR,1,2034,0.0001
RE1,LNDWHELR,1,2035,0.0001
RE1,LNDWHELR,1,2036,0.0001
RE1,LNDWHELR,1,2037,0.0001
RE1,LNDWHELR,1,2038,0.0001
RE1,LNDWHELR,1,2039,0.0001
RE1,LNDWHELR,1,2040,0.0001
RE1,LNDWHELR,1,2041,0.0001
RE1,LNDWHELR,1,2042,0.0001
RE1,LNDWHELR,1,2043,0.0001
RE1,LNDWHELR,1,2044,0.0001
RE1,LNDWHELR,1,2045,0.0001
RE1,LNDWHELR,1,2046,0.0001
RE1,LNDWHELR,1,2047,0.0001
RE1,LNDWHELR,1,2048,0.0001
RE1,LNDWHELR,1,2049,0.0001
RE1,LNDWHELR,1,2050,0.0001
RE1,LNDWHEHI,1,2020,0.0001
RE1,LNDWHEHI,1,2021,0.0001
RE1,LNDWHEHI,1,2022,0.0001
RE1,LNDWHEHI,1,2023,0.0001
RE1,LNDWHEHI,1,2024,0.0001
RE1,LNDWHEHI,1,2025,0.0001
RE1,LNDWHEHI,1,2026,0.0001
RE1,LNDWHEHI,1,2027,0.0001
RE1,LNDWHEHI,1,2028,0.0001
RE1,LNDWHEHI,1,2029,0.0001
RE1,LNDWHEHI,1,2030,0.0001
RE1,LNDWHEHI,1,2031,0.0001
RE1,LNDWHEHI,1,2032,0.0001
RE1,LNDWHEHI,1,2033,0.0001
RE1,LNDWHEHI,1,2034,0.0001
RE1,LNDWHEHI,1,2035,0.0001
RE1,LNDWHEHI,1,2036,0.0001
RE1,LNDWHEHI,1,2037,0.0001
RE1,LNDWHEHI,1,2038,0.0001
RE1,LNDWHEHI,1,2039,0.0001
RE1,LNDWHEHI,1,2040,0.0001
RE1,LNDWHEHI,1,2041,0.0001
RE1,LNDWHEHI,1,2042,0.0001
RE1,LNDWHEHI,1,2043,0.0001
RE1,LNDWHEHI,1,2044,0.0001
RE1,LNDWHEHI,1,2045,0.0001
RE1,LNDWHEHI,1,2046,0.0001
RE1,LNDWHEHI,1,2047,0.0001
RE1,LNDWHEHI,1,2048,0.0001
RE1,LNDWHEHI,1,2049,0.0001
RE1,LNDWHEHI,1,2050,0.0001
RE1,LNDWHELI,1,2020,0.0001
RE1,LNDWHELI,1,2021,0.0001
RE1,LNDWHELI,1,2022,0.0001
RE1,LNDWHELI,1,2023,0.0001
RE1,LNDWHELI,1,2024,0.0001
RE1,LNDWHELI,1,2025,0.0001
RE1,LNDWHELI,1,2026,0.0001
RE1,LNDWHELI,1,2027,0.0001
RE1,LNDWHELI,1,2028,0.0001
RE1,LNDWHELI,1,2029,0.0001
RE1,LNDWHELI,1,2030,0.0001
RE1,LNDWHELI,1,2031,0.0001
RE1,LNDWHELI,1,2032,0.0001
RE1,LNDWHELI,1,2033,0.0001
RE1,LNDWHELI,1,2034,0.0001
RE1,LNDWHELI,1,2035,0.0001
RE1,LNDWHELI,1,2036,0.0001
RE1,LNDWHELI,1,2037,0.0001
RE1,LNDWHELI,1,2038,0.0001
RE1,LNDWHELI,1,2039,0.0001
RE1,LNDWHELI,1,2040,0.0001
RE1,LNDWHELI,1,2041,0.0001
RE1,LNDWHELI,1,2042,0.0001
RE1,LNDWHELI,1,2043,0.0001
RE1,LNDWHELI,1,2044,0.0001
RE1,LNDWHELI,1,2045,0.0001
RE1,LNDWHELI,1,2046,0.0001
RE1,LNDWHELI,1,2047,0.0001
RE1,LNDWHELI,1,2048,0.0001
RE1,LNDWHELI,1,2049,0.0001
RE1,LNDWHELI,1,2050,0.0001
RE1,LNDSORHR,1,2020,0.0001
RE1,LNDSORHR,1,2021,0.0001
RE1,LNDSORHR,1,2022,0.0001
RE1,LNDSORHR,1,2023,0.0001
RE1,LNDSORHR,1,2024,0.0001
RE1,LNDSORHR,1,2025,0.0001
RE1,LNDSORHR,1,2026,0.0001
RE1,LNDSORHR,1,2027,0.0001
RE1,LNDSORHR,1,2028,0.0001
RE1,LNDSORHR,1,2029,0.0001
RE1,LNDSORHR,1,2030,0.0001
RE1,LNDSORHR,1,2031,0.0001
RE1,LNDSORHR,1,2032,0.0001
RE1,LNDSORHR,1,2033,0.0001
RE1,LNDSORHR,1,2034,0.0001
RE1,LNDSORHR,1,2035,0.0001
RE1,LNDSORHR,1,2036,0.0001
RE1,LNDSORHR,1,2037,0.0001
RE1,LNDSORHR,1,2038,0.0001
RE1,LNDSORHR,1,2039,0.0001
RE1,LNDSORHR,1,2040,0.0001
RE1,LNDSORHR,1,2041,0.0001
RE1,LNDSORHR,1,2042,0.0001
RE1,LNDSORHR,1,2043,0.0001
RE1,LNDSORHR,1,2044,0.0001
RE1,LNDSORHR,1,2045,0.0001
RE1,LNDSORHR,1,2046,0.0001
RE1,LNDSORHR,1,2047,0.0001
RE1,LNDSORHR,1,2048,0.0001
RE1,LNDSORHR,1,2049,0.0001
RE1,LNDSORHR,1,2050,0.0001
RE1,LNDSORLR,1,2020,0.0001
RE1,LNDSORLR,1,2021,0.0001
RE1,LNDSORLR,1,2022,0.0001
RE1,LNDSORLR,1,2023,0.0001
RE1,LNDSORLR,1,2024,0.0001
RE1,LNDSORLR,1,2025,0.0001
RE1,LNDSORLR,1,2026,0.0001
RE1,LNDSORLR,1,2027,0.0001
RE1,LNDSORLR,1,2028,0.0001
RE1,LNDSORLR,1,2029,0.0001
RE1,LNDSORLR,1,2030,0.0001
RE1,LNDSORLR,1,2031,0.0001
RE1,LNDSORLR,1,2032,0.0001
RE1,LNDSORLR,1,2033,0.0001
RE1,LNDSORLR,1,2034,0.0001
RE1,LNDSORLR,1,2035,0.0001
RE1,LNDSORLR,1,2036,0.0001
RE1,LNDSORLR,1,2037,0.0001
RE1,LNDSORLR,1,2038,0.0001
RE1,LNDSORLR,1,2039,0.0001
RE1,LNDSORLR,1,2040,0.0001
RE1,LNDSORLR,1,2041,0.0001
RE1,LNDSORLR,1,2042,0.0001
RE1,LNDSORLR,1,2043,0.0001
RE1,LNDSORLR,1,2044,0.0001
RE1,LNDSORLR,1,2045,0.0001
RE1,LNDSORLR,1,2046,0.0001
RE1,LNDSORLR,1,2047,0.0001
RE1,LNDSORLR,1,2048,0.0001
RE1,LNDSORLR,1,2049,0.0001
RE1,LNDSORLR,1,2050,0.0001
RE1,LNDSORHI,1,2020,0.0001
RE1,LNDSORHI,1,2021,0.0001
RE1,LNDSORHI,1,2022,0.0001
RE1,LNDSORHI,1,2023,0.0001
RE1,LNDSORHI,1,2024,0.0001
RE1,LNDSORHI,1,2025,0.0001
RE1,LNDSORHI,1,2026,0.0001
RE1,LNDSORHI,1,2027,0.0001
RE1,LNDSORHI,1,2028,0.0001
RE1,LNDSORHI,1,2029,0.0001
RE1,LNDSORHI,1,2030,0.0001
RE1,LNDSORHI,1,2031,0.0001
RE1,LNDSORHI,1,2032,0.0001
RE1,LNDSORHI,1,2033,0.0001
RE1,LNDSORHI,1,2034,0.0001
RE1,LNDSORHI,1,2035,0.0001
RE1,LNDSORHI,1,2036,0.0001
RE1,LNDSORHI,1,2037,0.0001
RE1,LNDSORHI,1,2038,0.0001
RE1,LNDSORHI,1,2039,0.0001
RE1,LNDSORHI,1,2040,0.0001
RE1,LNDSORHI,1,2041,0.0001
RE1,LNDSORHI,1,2042,0.0001
RE1,LNDSORHI,1,2043,0.0001
RE1,LNDSORHI,1,2044,0.0001
RE1,LNDSORHI,1,2045,0.0001
RE1,LNDSORHI,1,2046,0.0001
RE1,LNDSORHI,1,2047,0.0001
RE1,LNDSORHI,1,2048,0.0001
RE1,LNDSORHI,1,2049,0.0001
RE1,LNDSORHI,1,2050,0.0001
RE1,LNDSORLI,1,2020,0.0001
RE1,LNDSORLI,1,2021,0.0001
RE1,LNDSORLI,1,2022,0.0001
RE1,LNDSORLI,1,2023,0.0001
RE1,LNDSORLI,1,2024,0.0001
RE1,LNDSORLI,1,2025,0.0001
RE1,LNDSORLI,1,2026,0.0001
RE1,LNDSORLI,1,2027,0.0001
RE1,LNDSORLI,1,2028,0.0001
RE1,LNDSORLI,1,2029,0.0001
RE1,LNDSORLI,1,2030,0.0001
RE1,LNDSORLI,1,2031,0.0001
RE1,LNDSORLI,1,2032,0.0001
RE1,LNDSORLI,1,2033,0.0001
RE1,LNDSORLI,1,2034,0.0001
RE1,LNDSORLI,1,2035,0.0001
RE1,LNDSORLI,1,2036,0.0001
RE1,LNDSORLI,1,2037,0.0001
RE1,LNDSORLI,1,2038,0.0001
RE1,LNDSORLI,1,2039,0.0001
RE1,LNDSORLI,1,2040,0.0001
RE1,LNDSORLI,1,2041,0.0001
RE1,LNDSORLI,1,2042,0.0001
RE1,LNDSORLI,1,2043,0.0001
RE1,LNDSORLI,1,2044,0.0001
RE1,LNDSORLI,1,2045,0.0001
RE1,LNDSORLI,1,2046,0.0001
RE1,LNDSORLI,1,2047,0.0001
RE1,LNDSORLI,1,2048,0.0001
RE1,LNDSORLI,1,2049,0.0001
RE1,LNDSORLI,1,2050,0.0001
RE1,LNDBRLHR,1,2020,0.0001
RE1,LNDBRLHR,1,2021,0.0001
RE1,LNDBRLHR,1,2022,0.0001
RE1,LNDBRLHR,1,2023,0.0001
RE1,LNDBRLHR,1,2024,0.0001
RE1,LNDBRLHR,1,2025,0.0001
RE1,LNDBRLHR,1,2026,0.0001
RE1,LNDBRLHR,1,2027,0.0001
RE1,LNDBRLHR,1,2028,0.0001
RE1,LNDBRLHR,1,2029,0.0001
RE1,LNDBRLHR,1,2030,0.0001
RE1,LNDBRLHR,1,2031,0.0001
RE1,LNDBRLHR,1,2032,0.0001
RE1,LNDBRLHR,1,2033,0.0001
RE1,LNDBRLHR,1,2034,0.0001
RE1,LNDBRLHR,1,2035,0.0001
RE1,LNDBRLHR,1,2036,0.0001
RE1,LNDBRLHR,1,2037,0.0001
RE1,LNDBRLHR,1,2038,0.0001
RE1,LNDBRLHR,1,2039,0.0001
RE1,LNDBRLHR,1,2040,0.0001
RE1,LNDBRLHR,1,2041,0.0001
RE1,LNDBRLHR,1,2042,0.0001
RE1,LNDBRLHR,1,2043,0.0001
RE1,LNDBRLHR,1,2044,0.0001
RE1,LNDBRLHR,1,2045,0.0001
RE1,LNDBRLHR,1,2046,0.0001
RE1,LNDBRLHR,1,2047,0.0001
RE1,LNDBRLHR,1,2048,0.0001
RE1,LNDBRLHR,1,2049,0.0001
RE1,LNDBRLHR,1,2050,0.0001
RE1,LNDBRLLR,1,2020,0.0001
RE1,LNDBRLLR,1,2021,0.0001
RE1,LNDBRLLR,1,2022,0.0001
RE1,LNDBRLLR,1,2023,0.0001
RE1,LNDBRLLR,1,2024,0.0001
RE1,LNDBRLLR,1,2025,0.0001
RE1,LNDBRLLR,1,2026,0.0001
RE1,LNDBRLLR,1,2027,0.0001
RE1,LNDBRLLR,1,2028,0.0001
RE1,LNDBRLLR,1,2029,0.0001
RE1,LNDBRLLR,1,2030,0.0001
RE1,LNDBRLLR,1,2031,0.0001
RE1,LNDBRLLR,1,2032,0.0001
RE1,LNDBRLLR,1,2033,0.0001
RE1,LNDBRLLR,1,2034,0.0001
RE1,LNDBRLLR,1,2035,0.0001
RE1,LNDBRLLR,1,2036,0.0001
RE1,LNDBRLLR,1,2037,0.0001
RE1,LNDBRLLR,1,2038,0.0001
RE1,LNDBRLLR,1,2039,0.0001
RE1,LNDBRLLR,1,2040,0.0001
RE1,LNDBRLLR,1,2041,0.0001
RE1,LNDBRLLR,1,2042,0.0001
RE1,LNDBRLLR,1,2043,0.0001
RE1,LNDBRLLR,1,2044,0.0001
RE1,LNDBRLLR,1,2045,0.0001
RE1,LNDBRLLR,1,2046,0.0001
RE1,LNDBRLLR,1,2047,0.0001
RE1,LNDBRLLR,1,2048,0.0001
RE1,LNDBRLLR,1,2049,0.0001
RE1,LNDBRLLR,1,2050,0.0001
RE1,LNDBRLHI,1,2020,0.0001
RE1,LNDBRLHI,1,2021,0.0001
RE1,LNDBRLHI,1,2022,0.0001
RE1,LNDBRLHI,1,2023,0.0001
RE1,LNDBRLHI,1,2024,0.0001
RE1,LNDBRLHI,1,2025,0.0001
RE1,LNDBRLHI,1,2026,0.0001
RE1,LNDBRLHI,1,2027,0.0001
RE1,LNDBRLHI,1,2028,0.0001
RE1,LNDBRLHI,1,2029,0.0001
RE1,LNDBRLHI,1,2030,0.0001
RE1,LNDBRLHI,1,2031,0.0001
RE1,LNDBRLHI,1,2032,0.0001
RE1,LNDBRLHI,1,2033,0.0001
RE1,LNDBRLHI,1,2034,0.0001
RE1,LNDBRLHI,1,2035,0.0001
RE1,LNDBRLHI,1,2036,0.0001
RE1,LNDBRLHI,1,2037,0.0001
RE1,LNDBRLHI,1,2038,0.0001
RE1,LNDBRLHI,1,2039,0.0001
RE1,LNDBRLHI,1,2040,0.0001
RE1,LNDBRLHI,1,2041,0.0001
RE1,LNDBRLHI,1,2042,0.0001
RE1,LNDBRLHI,1,2043,0.0001
RE1,LNDBRLHI,1,2044,0.0001
RE1,LNDBRLHI,1,2045,0.0001
RE1,LNDBRLHI,1,2046,0.0001
RE1,LNDBRLHI,1,2047,0.0001
RE1,LNDBRLHI,1,2048,0.0001
RE1,LNDBRLHI,1,2049,0.0001
RE1,LNDBRLHI,1,2050,0.0001
RE1,LNDBRLLI,1,2020,0.0001
RE1,LNDBRLLI,1,2021,0.0001
RE1,LNDBRLLI,1,2022,0.0001
RE1,LNDBRLLI,1,2023,0.0001
RE1,LNDBRLLI,1,2024,0.0001
RE1,LNDBRLLI,1,2025,0.0001
RE1,LNDBRLLI,1,2026,0.0001
RE1,LNDBRLLI,1,2027,0.0001
RE1,LNDBRLLI,1,2028,0.0001
RE1,LNDBRLLI,1,2029,0.0001
RE1,LNDBRLLI,1,2030,0.0001
RE1,LNDBRLLI,1,2031,0.0001
RE1,LNDBRLLI,1,2032,0.0001
RE1,LNDBRLLI,1,2033,0.0001
RE1,LNDBRLLI,1,2034,0.0001
RE1,LNDBRLLI,1,2035,0.0001
RE1,LNDBRLLI,1,2036,0.0001
RE1,LNDBRLLI,1,2037,0.0001
RE1,LNDBRLLI,1,2038,0.0001
RE1,LNDBRLLI,1,2039,0.0001
RE1,LNDBRLLI,1,2040,0.0001
RE1,LNDBRLLI,1,2041,0.0001
RE1,LNDBRLLI,1,2042,0.0001
RE1,LNDBRLLI,1,2043,0.0001
RE1,LNDBRLLI,1,2044,0.0001
RE1,LNDBRLLI,1,2045,0.0001
RE1,LNDBRLLI,1,2046,0.0001
RE1,LNDBRLLI,1,2047,0.0001
RE1,LNDBRLLI,1,2048,0.0001
RE1,LNDBRLLI,1,2049,0.0001
RE1,LNDBRLLI,1,2050,0.0001
RE1,LNDCOFHR,1,2020,0.0001
RE1,LNDCOFHR,1,2021,0.0001
RE1,LNDCOFHR,1,2022,0.0001
RE1,LNDCOFHR,1,2023,0.0001
RE1,LNDCOFHR,1,2024,0.0001
RE1,LNDCOFHR,1,2025,0.0001
RE1,LNDCOFHR,1,2026,0.0001
RE1,LNDCOFHR,1,2027,0.0001
RE1,LNDCOFHR,1,2028,0.0001
RE1,LNDCOFHR,1,2029,0.0001
RE1,LNDCOFHR,1,2030,0.0001
RE1,LNDCOFHR,1,2031,0.0001
RE1,LNDCOFHR,1,2032,0.0001
RE1,LNDCOFHR,1,2033,0.0001
RE1,LNDCOFHR,1,2034,0.0001
RE1,LNDCOFHR,1,2035,0.0001
RE1,LNDCOFHR,1,2036,0.0001
RE1,LNDCOFHR,1,2037,0.0001
RE1,LNDCOFHR,1,2038,0.0001
RE1,LNDCOFHR,1,2039,0.0001
RE1,LNDCOFHR,1,2040,0.0001
RE1,LNDCOFHR,1,2041,0.0001
RE1,LNDCOFHR,1,2042,0.0001
RE1,LNDCOFHR,1,2043,0.0001
RE1,LNDCOFHR,1,2044,0.0001
RE1,LNDCOFHR,1,2045,0.0001
RE1,LNDCOFHR,1,2046,0.0001
RE1,LNDCOFHR,1,2047,0.0001
RE1,LNDCOFHR,1,2048,0.0001
RE1,LNDCOFHR,1,2049,0.0001
RE1,LNDCOFHR,1,2050,0.0001
RE1,LNDCOFLR,1,2020,0.0001
RE1,LNDCOFLR,1,2021,0.0001
RE1,LNDCOFLR,1,2022,0.0001
RE1,LNDCOFLR,1,2023,0.0001
RE1,LNDCOFLR,1,2024,0.0001
RE1,LNDCOFLR,1,2025,0.0001
RE1,LNDCOFLR,1,2026,0.0001
RE1,LNDCOFLR,1,2027,0.0001
RE1,LNDCOFLR,1,2028,0.0001
RE1,LNDCOFLR,1,2029,0.0001
RE1,LNDCOFLR,1,2030,0.0001
RE1,LNDCOFLR,1,2031,0.0001
RE1,LNDCOFLR,1,2032,0.0001
RE1,LNDCOFLR,1,2033,0.0001
RE1,LNDCOFLR,1,2034,0.0001
RE1,LNDCOFLR,1,2035,0.0001
RE1,LNDCOFLR,1,2036,0.0001
RE1,LNDCOFLR,1,2037,0.0001
RE1,LNDCOFLR,1,2038,0.0001
RE1,LNDCOFLR,1,2039,0.0001
RE1,LNDCOFLR,1,2040,0.0001
RE1,LNDCOFLR,1,2041,0.0001
RE1,LNDCOFLR,1,2042,0.0001
RE1,LNDCOFLR,1,2043,0.0001
RE1,LNDCOFLR,1,2044,0.0001
RE1,LNDCOFLR,1,2045,0.0001
RE1,LNDCOFLR,1,2046,0.0001
RE1,LNDCOFLR,1,2047,0.0001
RE1,LNDCOFLR,1,2048,0.0001
RE1,LNDCOFLR,1,2049,0.0001
RE1,LNDCOFLR,1,2050,0.0001
RE1,LNDCOFHI,1,2020,0.0001
RE1,LNDCOFHI,1,2021,0.0001
RE1,LNDCOFHI,1,2022,0.0001
RE1,LNDCOFHI,1,2023,0.0001
RE1,LNDCOFHI,1,2024,0.0001
RE1,LNDCOFHI,1,2025,0.0001
RE1,LNDCOFHI,1,2026,0.0001
RE1,LNDCOFHI,1,2027,0.0001
RE1,LNDCOFHI,1,2028,0.0001
RE1,LNDCOFHI,1,2029,0.0001
RE1,LNDCOFHI,1,2030,0.0001
RE1,LNDCOFHI,1,2031,0.0001
RE1,LNDCOFHI,1,2032,0.0001
RE1,LNDCOFHI,1,2033,0.0001
RE1,LNDCOFHI,1,2034,0.0001
RE1,LNDCOFHI,1,2035,0.0001
RE1,LNDCOFHI,1,2036,0.0001
RE1,LNDCOFHI,1,2037,0.0001
RE1,LNDCOFHI,1,2038,0.0001
RE1,LNDCOFHI,1,2039,0.0001
RE1,LNDCOFHI,1,2040,0.0001
RE1,LNDCOFHI,1,2041,0.0001
RE1,LNDCOFHI,1,2042,0.0001
RE1,LNDCOFHI,1,2043,0.0001
RE1,LNDCOFHI,1,2044,0.0001
RE1,LNDCOFHI,1,2045,0.0001
RE1,LNDCOFHI,1,2046,0.0001
RE1,LNDCOFHI,1,2047,0.0001
RE1,LNDCOFHI,1,2048,0.0001
RE1,LNDCOFHI,1,2049,0.0001
RE1,LNDCOFHI,1,2050,0.0001
RE1,LNDCOFLI,1,2020,0.0001
RE1,LNDCOFLI,1,2021,0.0001
RE1,LNDCOFLI,1,2022,0.0001
RE1,LNDCOFLI,1,2023,0.0001
RE1,LNDCOFLI,1,2024,0.0001
RE1,LNDCOFLI,1,2025,0.0001
RE1,LNDCOFLI,1,2026,0.0001
RE1,LNDCOFLI,1,2027,0.0001
RE1,LNDCOFLI,1,2028,0.0001
RE1,LNDCOFLI,1,2029,0.0001
RE1,LNDCOFLI,1,2030,0.0001
RE1,LNDCOFLI,1,2031,0.0001
RE1,LNDCOFLI,1,2032,0.0001
RE1,LNDCOFLI,1,2033,0.0001
RE1,LNDCOFLI,1,2034,0.0001
RE1,LNDCOFLI,1,2035,0.0001
RE1,LNDCOFLI,1,2036,0.0001
RE1,LNDCOFLI,1,2037,0.0001
RE1,LNDCOFLI,1,2038,0.0001
RE1,LNDCOFLI,1,2039,0.0001
RE1,LNDCOFLI,1,2040,0.0001
RE1,LNDCOFLI,1,2041,0.0001
RE1,LNDCOFLI,1,2042,0.0001
RE1,LNDCOFLI,1,2043,0.0001
RE1,LNDCOFLI,1,2044,0.0001
RE1,LNDCOFLI,1,2045,0.0001
RE1,LNDCOFLI,1,2046,0.0001
RE1,LNDCOFLI,1,2047,0.0001
RE1,LNDCOFLI,1,2048,0.0001
RE1,LNDCOFLI,1,2049,0.0001
RE1,LNDCOFLI,1,2050,0.0001
RE1,LNDOTCHR,1,2020,0.0001
RE1,LNDOTCHR,1,2021,0.0001
RE1,LNDOTCHR,1,2022,0.0001
RE1,LNDOTCHR,1,2023,0.0001
RE1,LNDOTCHR,1,2024,0.0001
RE1,LNDOTCHR,1,2025,0.0001
RE1,LNDOTCHR,1,2026,0.0001
RE1,LNDOTCHR,1,2027,0.0001
RE1,LNDOTCHR,1,2028,0.0001
RE1,LNDOTCHR,1,2029,0.0001
RE1,LNDOTCHR,1,2030,0.0001
RE1,LNDOTCHR,1,2031,0.0001
RE1,LNDOTCHR,1,2032,0.0001
RE1,LNDOTCHR,1,2033,0.0001
RE1,LNDOTCHR,1,2034,0.0001
RE1,LNDOTCHR,1,2035,0.0001
RE1,LNDOTCHR,1,2036,0.0001
RE1,LNDOTCHR,1,2037,0.0001
RE1,LNDOTCHR,1,2038,0.0001
RE1,LNDOTCHR,1,2039,0.0001
RE1,LNDOTCHR,1,2040,0.0001
RE1,LNDOTCHR,1,2041,0.0001
RE1,LNDOTCHR,1,2042,0.0001
RE1,LNDOTCHR,1,2043,0.0001
RE1,LNDOTCHR,1,2044,0.0001
RE1,LNDOTCHR,1,2045,0.0001
RE1,LNDOTCHR,1,2046,0.0001
RE1,LNDOTCHR,1,2047,0.0001
RE1,LNDOTCHR,1,2048,0.0001
RE1,LNDOTCHR,1,2049,0.0001
RE1,LNDOTCHR,1,2050,0.0001
RE1,LNDOTCLR,1,2020,0.0001
RE1,LNDOTCLR,1,2021,0.0001
RE1,LNDOTCLR,1,2022,0.0001
RE1,LNDOTCLR,1,2023,0.0001
RE1,LNDOTCLR,1,2024,0.0001
RE1,LNDOTCLR,1,2025,0.0001
RE1,LNDOTCLR,1,2026,0.0001
RE1,LNDOTCLR,1,2027,0.0001
RE1,LNDOTCLR,1,2028,0.0001
RE1,LNDOTCLR,1,2029,0.0001
RE1,LNDOTCLR,1,2030,0.0001
RE1,LNDOTCLR,1,2031,0.0001
RE1,LNDOTCLR,1,2032,0.0001
RE1,LNDOTCLR,1,2033,0.0001
RE1,LNDOTCLR,1,2034,0.0001
RE1,LNDOTCLR,1,2035,0.0001
RE1,LNDOTCLR,1,2036,0.0001
RE1,LNDOTCLR,1,2037,0.0001
RE1,LNDOTCLR,1,2038,0.0001
RE1,LNDOTCLR,1,2039,0.0001
RE1,LNDOTCLR,1,2040,0.0001
RE1,LNDOTCLR,1,2041,0.0001
RE1,LNDOTCLR,1,2042,0.0001
RE1,LNDOTCLR,1,2043,0.0001
RE1,LNDOTCLR,1,2044,0.0001
RE1,LNDOTCLR,1,2045,0.0001
RE1,LNDOTCLR,1,2046,0.0001
RE1,LNDOTCLR,1,2047,0.0001
RE1,LNDOTCLR,1,2048,0.0001
RE1,LNDOTCLR,1,2049,0.0001
RE1,LNDOTCLR,1,2050,0.0001
RE1,LNDOTCHI,1,2020,0.0001
RE1,LNDOTCHI,1,2021,0.0001
RE1,LNDOTCHI,1,2022,0.0001
RE1,LNDOTCHI,1,2023,0.0001
RE1,LNDOTCHI,1,2024,0.0001
RE1,LNDOTCHI,1,2025,0.0001
RE1,LNDOTCHI,1,2026,0.0001
RE1,LNDOTCHI,1,2027,0.0001
RE1,LNDOTCHI,1,2028,0.0001
RE1,LNDOTCHI,1,2029,0.0001
RE1,LNDOTCHI,1,2030,0.0001
RE1,LNDOTCHI,1,2031,0.0001
RE1,LNDOTCHI,1,2032,0.0001
RE1,LNDOTCHI,1,2033,0.0001
RE1,LNDOTCHI,1,2034,0.0001
RE1,LNDOTCHI,1,2035,0.0001
RE1,LNDOTCHI,1,2036,0.0001
RE1,LNDOTCHI,1,2037,0.0001
RE1,LNDOTCHI,1,2038,0.0001
RE1,LNDOTCHI,1,2039,0.0001
RE1,LNDOTCHI,1,2040,0.0001
RE1,LNDOTCHI,1,2041,0.0001
RE1,LNDOTCHI,1,2042,0.0001
RE1,LNDOTCHI,1,2043,0.0001
RE1,LNDOTCHI,1,2044,0.0001
RE1,LNDOTCHI,1,2045,0.0001
RE1,LNDOTCHI,1,2046,0.0001
RE1,LNDOTCHI,1,2047,0.0001
RE1,LNDOTCHI,1,2048,0.0001
RE1,LNDOTCHI,1,2049,0.0001
RE1,LNDOTCHI,1,2050,0.0001
RE1,LNDOTCLI,1,2020,0.0001
RE1,LNDOTCLI,1,2021,0.0001
RE1,LNDOTCLI,1,2022,0.0001
RE1,LNDOTCLI,1,2023,0.0001
RE1,LNDOTCLI,1,2024,0.0001
RE1,LNDOTCLI,1,2025,0.0001
RE1,LNDOTCLI,1,2026,0.0001
RE1,LNDOTCLI,1,2027,0.0001
RE1,LNDOTCLI,1,2028,0.0001
RE1,LNDOTCLI,1,2029,0.0001
RE1,LNDOTCLI,1,2030,0.0001
RE1,LNDOTCLI,1,2031,0.0001
RE1,LNDOTCLI,1,2032,0.0001
RE1,LNDOTCLI,1,2033,0.0001
RE1,LNDOTCLI,1,2034,0.0001
RE1,LNDOTCLI,1,2035,0.0001
RE1,LNDOTCLI,1,2036,0.0001
RE1,LNDOTCLI,1,2037,0.0001
RE1,LNDOTCLI,1,2038,0.0001
RE1,LNDOTCLI,1,2039,0.0001
RE1,LNDOTCLI,1,2040,0.0001
RE1,LNDOTCLI,1,2041,0.0001
RE1,LNDOTCLI,1,2042,0.0001
RE1,LNDOTCLI,1,2043,0.0001
RE1,LNDOTCLI,1,2044,0.0001
RE1,LNDOTCLI,1,2045,0.0001
RE1,LNDOTCLI,1,2046,0.0001
RE1,LNDOTCLI,1,2047,0.0001
RE1,LNDOTCLI,1,2048,0.0001
RE1,LNDOTCLI,1,2049,0.0001
RE1,LNDOTCLI,1,2050,0.0001
RE1,LNDSGCHI,1,2020,0.0001
RE1,LNDSGCHI,1,2021,0.0001
RE1,LNDSGCHI,1,2022,0.0001
RE1,LNDSGCHI,1,2023,0.0001
RE1,LNDSGCHI,1,2024,0.0001
RE1,LNDSGCHI,1,2025,0.0001
RE1,LNDSGCHI,1,2026,0.0001
RE1,LNDSGCHI,1,2027,0.0001
RE1,LNDSGCHI,1,2028,0.0001
RE1,LNDSGCHI,1,2029,0.0001
RE1,LNDSGCHI,1,2030,0.0001
RE1,LNDSGCHI,1,2031,0.0001
RE1,LNDSGCHI,1,2032,0.0001
RE1,LNDSGCHI,1,2033,0.0001
RE1,LNDSGCHI,1,2034,0.0001
RE1,LNDSGCHI,1,2035,0.0001
RE1,LNDSGCHI,1,2036,0.0001
RE1,LNDSGCHI,1,2037,0.0001
RE1,LNDSGCHI,1,2038,0.0001
RE1,LNDSGCHI,1,2039,0.0001
RE1,LNDSGCHI,1,2040,0.0001
RE1,LNDSGCHI,1,2041,0.0001
RE1,LNDSGCHI,1,2042,0.0001
RE1,LNDSGCHI,1,2043,0.0001
RE1,LNDSGCHI,1,2044,0.0001
RE1,LNDSGCHI,1,2045,0.0001
RE1,LNDSGCHI,1,2046,0.0001
RE1,LNDSGCHI,1,2047,0.0001
RE1,LNDSGCHI,1,2048,0.0001
RE1,LNDSGCHI,1,2049,0.0001
RE1,LNDSGCHI,1,2050,0.0001
RE1,LNDFOR,1,2020,-2.0
RE1,LNDFOR,1,2021,-2.0
RE1,LNDFOR,1,2022,-2.0
RE1,LNDFOR,1,2023,-2.0
RE1,LNDFOR,1,2024,-2.0
RE1,LNDFOR,1,2025,-2.0
RE1,LNDFOR,1,2026,-2.0
RE1,LNDFOR,1,2027,-2.0
RE1,LNDFOR,1,2028,-2.0
RE1,LNDFOR,1,2029,-2.0
RE1,LNDFOR,1,2030,-2.0
RE1,LNDFOR,1,2031,-2.0
RE1,LNDFOR,1,2032,-2.0
RE1,LNDFOR,1,2033,-2.0
RE1,LNDFOR,1,2034,-2.0
RE1,LNDFOR,1,2035,-2.0
RE1,LNDFOR,1,2036,-2.0
RE1,LNDFOR,1,2037,-2.0
RE1,LNDFOR,1,2038,-2.0
RE1,LNDFOR,1,2039,-2.0
RE1,LNDFOR,1,2040,-2.0
RE1,LNDFOR,1,2041,-2.0
RE1,LNDFOR,1,2042,-2.0
RE1,LNDFOR,1,2043,-2.0
RE1,LNDFOR,1,2044,-2.0
RE1,LNDFOR,1,2045,-2.0
RE1,LNDFOR,1,2046,-2.0
RE1,LNDFOR,1,2047,-2.0
RE1,LNDFOR,1,2048,-2.0
RE1,LNDFOR,1,2049,-2.0
RE1,LNDFOR,1,2050,-2.0
RE1,LNDBLT,1,2020,2.0
RE1,LNDBLT,1,2021,2.0
RE1,LNDBLT,1,2022,2.0
RE1,LNDBLT,1,2023,2.0
RE1,LNDBLT,1,2024,2.0
RE1,LNDBLT,1,2025,2.0
RE1,LNDBLT,1,2026,2.0
RE1,LNDBLT,1,2027,2.0
RE1,LNDBLT,1,2028,2.0
RE1,LNDBLT,1,2029,2.0
RE1,LNDBLT,1,2030,2.0
RE1,LNDBLT,1,2031,2.0
RE1,LNDBLT,1,2032,2.0
RE1,LNDBLT,1,2033,2.0
RE1,LNDBLT,1,2034,2.0
RE1,LNDBLT,1,2035,2.0
RE1,LNDBLT,1,2036,2.0
RE1,LNDBLT,1,2037,2.0
RE1,LNDBLT,1,2038,2.0
RE1,LNDBLT,1,2039,2.0
RE1,LNDBLT,1,2040,2.0
RE1,LNDBLT,1,2041,2.0
RE1,LNDBLT,1,2042,2.0
RE1,LNDBLT,1,2043,2.0
RE1,LNDBLT,1,2044,2.0
RE1,LNDBLT,1,2045,2.0
RE1,LNDBLT,1,2046,2.0
RE1,LNDBLT,1,2047,2.0
RE1,LNDBLT,1,2048,2.0
RE1,LNDBLT,1,2049,2.0
RE1,LNDBLT,1,2050,2.0
RE1,LNDWAT,1,2020,2.0
RE1,LNDWAT,1,2021,2.0
RE1,LNDWAT,1,2022,2.0
RE1,LNDWAT,1,2023,2.0
RE1,LNDWAT,1,2024,2.0
RE1,LNDWAT,1,2025,2.0
RE1,LNDWAT,1,2026,2.0
RE1,LNDWAT,1,2027,2.0
RE1,LNDWAT,1,2028,2.0
RE1,LNDWAT,1,2029,2.0
RE1,LNDWAT,1,2030,2.0
RE1,LNDWAT,1,2031,2.0
RE1,LNDWAT,1,2032,2.0
RE1,LNDWAT,1,2033,2.0
RE1,LNDWAT,1,2034,2.0
RE1,LNDWAT,1,2035,2.0
RE1,LNDWAT,1,2036,2.0
RE1,LNDWAT,1,2037,2.0
RE1,LNDWAT,1,2038,2.0
RE1,LNDWAT,1,2039,2.0
RE1,LNDWAT,1,2040,2.0
RE1,LNDWAT,1,2041,2.0
RE1,LNDWAT,1,2042,2.0
RE1,LNDWAT,1,2043,2.0
RE1,LNDWAT,1,2044,2.0
RE1,LNDWAT,1,2045,2.0
RE1,LNDWAT,1,2046,2.0
RE1,LNDWAT,1,2047,2.0
RE1,LNDWAT,1,2048,2.0
RE1,LNDWAT,1,2049,2.0
RE1,LNDWAT,1,2050,2.0
RE1,LNDOTH,1,2020,0.0001
RE1,LNDOTH,1,2021,0.0001
RE1,LNDOTH,1,2022,0.0001
RE1,LNDOTH,1,2023,0.0001
RE1,LNDOTH,1,2024,0.0001
RE1,LNDOTH,1,2025,0.0001
RE1,LNDOTH,1,2026,0.0001
RE1,LNDOTH,1,2027,0.0001
RE1,LNDOTH,1,2028,0.0001
RE1,LNDOTH,1,2029,0.0001
RE1,LNDOTH,1,2030,0.0001
RE1,LNDOTH,1,2031,0.0001
RE1,LNDOTH,1,2032,0.0001
RE1,LNDOTH,1,2033,0.0001
RE1,LNDOTH,1,2034,0.0001
RE1,LNDOTH,1,2035,0.0001
RE1,LNDOTH,1,2036,0.0001
RE1,LNDOTH,1,2037,0.0001
RE1,LNDOTH,1,2038,0.0001
RE1,LNDOTH,1,2039,0.0001
RE1,LNDOTH,1,2040,0.0001
RE1,LNDOTH,1,2041,0.0001
RE1,LNDOTH,1,2042,0.0001
RE1,LNDOTH,1,2043,0.0001
RE1,LNDOTH,1,2044,0.0001
RE1,LNDOTH,1,2045,0.0001
RE1,LNDOTH,1,2046,0.0001
RE1,LNDOTH,1,2047,0.0001
RE1,LNDOTH,1,2048,0.0001
RE1,LNDOTH,1,2049,0.0001
RE1,LNDOTH,1,2050,0.0001
RE1,DEMTRABIO,1,2020,0.0001
RE1,DEMTRABIO,1,2021,0.0001
RE1,DEMTRABIO,1,2022,0.0001
RE1,DEMTRABIO,1,2023,0.0001
RE1,DEMTRABIO,1,2024,0.0001
RE1,DEMTRABIO,1,2025,0.0001
RE1,DEMTRABIO,1,2026,0.0001
RE1,DEMTRABIO,1,2027,0.0001
RE1,DEMTRABIO,1,2028,0.0001
RE1,DEMTRABIO,1,2029,0.0001
RE1,DEMTRABIO,1,2030,0.0001
RE1,DEMTRABIO,1,2031,0.0001
RE1,DEMTRABIO,1,2032,0.0001
RE1,DEMTRABIO,1,2033,0.0001
RE1,DEMTRABIO,1,2034,0.0001
RE1,DEMTRABIO,1,2035,0.0001
RE1,DEMTRABIO,1,2036,0.0001
RE1,DEMTRABIO,1,2037,0.0001
RE1,DEMTRABIO,1,2038,0.0001
RE1,DEMTRABIO,1,2039,0.0001
RE1,DEMTRABIO,1,2040,0.0001
RE1,DEMTRABIO,1,2041,0.0001
RE1,DEMTRABIO,1,2042,0.0001
RE1,DEMTRABIO,1,2043,0.0001
RE1,DEMTRABIO,1,2044,0.0001
RE1,DEMTRABIO,1,2045,0.0001
RE1,DEMTRABIO,1,2046,0.0001
RE1,DEMTRABIO,1,2047,0.0001
RE1,DEMTRABIO,1,2048,0.0001
RE1,DEMTRABIO,1,2049,0.0001
RE1,DEMTRABIO,1,2050,0.0001
RE1,LNDSGCHR,1,2020,0.0001
RE1,LNDSGCHR,1,2021,0.0001
RE1,LNDSGCHR,1,2022,0.0001
RE1,LNDSGCHR,1,2023,0.0001
RE1,LNDSGCHR,1,2024,0.0001
RE1,LNDSGCHR,1,2025,0.0001
RE1,LNDSGCHR,1,2026,0.0001
RE1,LNDSGCHR,1,2027,0.0001
RE1,LNDSGCHR,1,2028,0.0001
RE1,LNDSGCHR,1,2029,0.0001
RE1,LNDSGCHR,1,2030,0.0001
RE1,LNDSGCHR,1,2031,0.0001
RE1,LNDSGCHR,1,2032,0.0001
RE1,LNDSGCHR,1,2033,0.0001
RE1,LNDSGCHR,1,2034,0.0001
RE1,LNDSGCHR,1,2035,0.0001
RE1,LNDSGCHR,1,2036,0.0001
RE1,LNDSGCHR,1,2037,0.0001
RE1,LNDSGCHR,1,2038,0.0001
RE1,LNDSGCHR,1,2039,0.0001
RE1,LNDSGCHR,1,2040,0.0001
RE1,LNDSGCHR,1,2041,0.0001
RE1,LNDSGCHR,1,2042,0.0001
RE1,LNDSGCHR,1,2043,0.0001
RE1,LNDSGCHR,1,2044,0.0001
RE1,LNDSGCHR,1,2045,0.0001
RE1,LNDSGCHR,1,2046,0.0001
RE1,LNDSGCHR,1,2047,0.0001
RE1,LNDSGCHR,1,2048,0.0001
RE1,LNDSGCHR,1,2049,0.0001
RE1,LNDSGCHR,1,2050,0.0001
RE1,MINPRC,1,2020,0.0001
RE1,MINPRC,1,2021,0.0001
RE1,MINPRC,1,2022,0.0001
RE1,MINPRC,1,2023,0.0001
RE1,MINPRC,1,2024,0.0001
RE1,MINPRC,1,2025,0.0001
RE1,MINPRC,1,2026,0.0001
RE1,MINPRC,1,2027,0.0001
RE1,MINPRC,1,2028,0.0001
RE1,MINPRC,1,2029,0.0001
RE1,MINPRC,1,2030,0.0001
RE1,MINPRC,1,2031,0.0001
RE1,MINPRC,1,2032,0.0001
RE1,MINPRC,1,2033,0.0001
RE1,MINPRC,1,2034,0.0001
RE1,MINPRC,1,2035,0.0001
RE1,MINPRC,1,2036,0.0001
RE1,MINPRC,1,2037,0.0001
RE1,MINPRC,1,2038,0.0001
RE1,MINPRC,1,2039,0.0001
RE1,MINPRC,1,2040,0.0001
RE1,MINPRC,1,2041,0.0001
RE1,MINPRC,1,2042,0.0001
RE1,MINPRC,1,2043,0.0001
RE1,MINPRC,1,2044,0.0001
RE1,MINPRC,1,2045,0.0001
RE1,MINPRC,1,2046,0.0001
RE1,MINPRC,1,2047,0.0001
RE1,MINPRC,1,2048,0.0001
RE1,MINPRC,1,2049,0.0001
RE1,MINPRC,1,2050,0.0001
RE1,DEMAGRSURWAT,1,2020,0.0001
RE1,DEMAGRSURWAT,1,2021,0.0001
RE1,DEMAGRSURWAT,1,2022,0.0001
RE1,DEMAGRSURWAT,1,2023,0.0001
RE1,DEMAGRSURWAT,1,2024,0.0001
RE1,DEMAGRSURWAT,1,2025,0.0001
RE1,DEMAGRSURWAT,1,2026,0.0001
RE1,DEMAGRSURWAT,1,2027,0.0001
RE1,DEMAGRSURWAT,1,2028,0.0001
RE1,DEMAGRSURWAT,1,2029,0.0001
RE1,DEMAGRSURWAT,1,2030,0.0001
RE1,DEMAGRSURWAT,1,2031,0.0001
RE1,DEMAGRSURWAT,1,2032,0.0001
RE1,DEMAGRSURWAT,1,2033,0.0001
RE1,DEMAGRSURWAT,1,2034,0.0001
RE1,DEMAGRSURWAT,1,2035,0.0001
RE1,DEMAGRSURWAT,1,2036,0.0001
RE1,DEMAGRSURWAT,1,2037,0.0001
RE1,DEMAGRSURWAT,1,2038,0.0001
RE1,DEMAGRSURWAT,1,2039,0.0001
RE1,DEMAGRSURWAT,1,2040,0.0001
RE1,DEMAGRSURWAT,1,2041,0.0001
RE1,DEMAGRSURWAT,1,2042,0.0001
RE1,DEMAGRSURWAT,1,2043,0.0001
RE1,DEMAGRSURWAT,1,2044,0.0001
RE1,DEMAGRSURWAT,1,2045,0.0001
RE1,DEMAGRSURWAT,1,2046,0.0001
RE1,DEMAGRSURWAT,1,2047,0.0001
RE1,DEMAGRSURWAT,1,2048,0.0001
RE1,DEMAGRSURWAT,1,2049,0.0001
RE1,DEMAGRSURWAT,1,2050,0.0001
RE1,DEMAGRGWTWAT,1,2020,0.0001
RE1,DEMAGRGWTWAT,1,2021,0.0001
RE1,DEMAGRGWTWAT,1,2022,0.0001
RE1,DEMAGRGWTWAT,1,2023,0.0001
RE1,DEMAGRGWTWAT,1,2024,0.0001
RE1,DEMAGRGWTWAT,1,2025,0.0001
RE1,DEMAGRGWTWAT,1,2026,0.0001
RE1,DEMAGRGWTWAT,1,2027,0.0001
RE1,DEMAGRGWTWAT,1,2028,0.0001
RE1,DEMAGRGWTWAT,1,2029,0.0001
RE1,DEMAGRGWTWAT,1,2030,0.0001
RE1,DEMAGRGWTWAT,1,2031,0.0001
RE1,DEMAGRGWTWAT,1,2032,0.0001
RE1,DEMAGRGWTWAT,1,2033,0.0001
RE1,DEMAGRGWTWAT,1,2034,0.0001
RE1,DEMAGRGWTWAT,1,2035,0.0001
RE1,DEMAGRGWTWAT,1,2036,0.0001
RE1,DEMAGRGWTWAT,1,2037,0.0001
RE1,DEMAGRGWTWAT,1,2038,0.0001
RE1,DEMAGRGWTWAT,1,2039,0.0001
RE1,DEMAGRGWTWAT,1,2040,0.0001
RE1,DEMAGRGWTWAT,1,2041,0.0001
RE1,DEMAGRGWTWAT,1,2042,0.0001
RE1,DEMAGRGWTWAT,1,2043,0.0001
RE1,DEMAGRGWTWAT,1,2044,0.0001
RE1,DEMAGRGWTWAT,1,2045,0.0001
RE1,DEMAGRGWTWAT,1,2046,0.0001
RE1,DEMAGRGWTWAT,1,2047,0.0001
RE1,DEMAGRGWTWAT,1,2048,0.0001
RE1,DEMAGRGWTWAT,1,2049,0.0001
RE1,DEMAGRGWTWAT,1,2050,0.0001
RE1,DEMPUBSURWAT,1,2020,0.0001
RE1,DEMPUBSURWAT,1,2021,0.0001
RE1,DEMPUBSURWAT,1,2022,0.0001
RE1,DEMPUBSURWAT,1,2023,0.0001
RE1,DEMPUBSURWAT,1,2024,0.0001
RE1,DEMPUBSURWAT,1,2025,0.0001
RE1,DEMPUBSURWAT,1,2026,0.0001
RE1,DEMPUBSURWAT,1,2027,0.0001
RE1,DEMPUBSURWAT,1,2028,0.0001
RE1,DEMPUBSURWAT,1,2029,0.0001
RE1,DEMPUBSURWAT,1,2030,0.0001
RE1,DEMPUBSURWAT,1,2031,0.0001
RE1,DEMPUBSURWAT,1,2032,0.0001
RE1,DEMPUBSURWAT,1,2033,0.0001
RE1,DEMPUBSURWAT,1,2034,0.0001
RE1,DEMPUBSURWAT,1,2035,0.0001
RE1,DEMPUBSURWAT,1,2036,0.0001
RE1,DEMPUBSURWAT,1,2037,0.0001
RE1,DEMPUBSURWAT,1,2038,0.0001
RE1,DEMPUBSURWAT,1,2039,0.0001
RE1,DEMPUBSURWAT,1,2040,0.0001
RE1,DEMPUBSURWAT,1,2041,0.0001
RE1,DEMPUBSURWAT,1,2042,0.0001
RE1,DEMPUBSURWAT,1,2043,0.0001
RE1,DEMPUBSURWAT,1,2044,0.0001
RE1,DEMPUBSURWAT,1,2045,0.0001
RE1,DEMPUBSURWAT,1,2046,0.0001
RE1,DEMPUBSURWAT,1,2047,0.0001
RE1,DEMPUBSURWAT,1,2048,0.0001
RE1,DEMPUBSURWAT,1,2049,0.0001
RE1,DEMPUBSURWAT,1,2050,0.0001
RE1,DEMPUBGWTWAT,1,2020,0.0001
RE1,DEMPUBGWTWAT,1,2021,0.0001
RE1,DEMPUBGWTWAT,1,2022,0.0001
RE1,DEMPUBGWTWAT,1,2023,0.0001
RE1,DEMPUBGWTWAT,1,2024,0.0001
RE1,DEMPUBGWTWAT,1,2025,0.0001
RE1,DEMPUBGWTWAT,1,2026,0.0001
RE1,DEMPUBGWTWAT,1,2027,0.0001
RE1,DEMPUBGWTWAT,1,2028,0.0001
RE1,DEMPUBGWTWAT,1,2029,0.0001
RE1,DEMPUBGWTWAT,1,2030,0.0001
RE1,DEMPUBGWTWAT,1,2031,0.0001
RE1,DEMPUBGWTWAT,1,2032,0.0001
RE1,DEMPUBGWTWAT,1,2033,0.0001
RE1,DEMPUBGWTWAT,1,2034,0.0001
RE1,DEMPUBGWTWAT,1,2035,0.0001
RE1,DEMPUBGWTWAT,1,2036,0.0001
RE1,DEMPUBGWTWAT,1,2037,0.0001
RE1,DEMPUBGWTWAT,1,2038,0.0001
RE1,DEMPUBGWTWAT,1,2039,0.0001
RE1,DEMPUBGWTWAT,1,2040,0.0001
RE1,DEMPUBGWTWAT,1,2041,0.0001
RE1,DEMPUBGWTWAT,1,2042,0.0001
RE1,DEMPUBGWTWAT,1,2043,0.0001
RE1,DEMPUBGWTWAT,1,2044,0.0001
RE1,DEMPUBGWTWAT,1,2045,0.0001
RE1,DEMPUBGWTWAT,1,2046,0.0001
RE1,DEMPUBGWTWAT,1,2047,0.0001
RE1,DEMPUBGWTWAT,1,2048,0.0001
RE1,DEMPUBGWTWAT,1,2049,0.0001
RE1,DEMPUBGWTWAT,1,2050,0.0001
RE1,IMPTEF,1,2020,5.7692
RE1,IMPTEF,1,2021,5.8526
RE1,IMPTEF,1,2022,4.7884
RE1,IMPTEF,1,2023,3.8762
RE1,IMPTEF,1,2024,4.951911903
RE1,IMPTEF,1,2025,4.951911903
RE1,IMPTEF,1,2026,4.951911903
RE1,IMPTEF,1,2027,4.951911903
RE1,IMPTEF,1,2028,4.951911903
RE1,IMPTEF,1,2029,4.951911903
RE1,IMPTEF,1,2030,4.951911903
RE1,IMPTEF,1,2031,4.951911903
RE1,IMPTEF,1,2032,4.951911903
RE1,IMPTEF,1,2033,4.951911903
RE1,IMPTEF,1,2034,4.951911903
RE1,IMPTEF,1,2035,4.951911903
RE1,IMPTEF,1,2036,4.951911903
RE1,IMPTEF,1,2037,4.951911903
RE1,IMPTEF,1,2038,4.951911903
RE1,IMPTEF,1,2039,4.95191
RE1,IMPTEF,1,2040,4.951911903
RE1,IMPTEF,1,2041,4.951911903
RE1,IMPTEF,1,2042,4.951911903
RE1,IMPTEF,1,2043,4.951911903
RE1,IMPTEF,1,2044,4.951911903
RE1,IMPTEF,1,2045,4.951911903
RE1,IMPTEF,1,2046,4.951911903
RE1,IMPTEF,1,2047,4.951911903
RE1,IMPTEF,1,2048,4.951911903
RE1,IMPTEF,1,2049,4.951911903
RE1,IMPTEF,1,2050,4.951911903
RE1,IMPMAI,1,2020,0.5989
RE1,IMPMAI,1,2021,0.3799
RE1,IMPMAI,1,2022,1.0507
RE1,IMPMAI,1,2023,0.7487
RE1,IMPMAI,1,2024,0.81843022
RE1,IMPMAI,1,2025,0.81843022
RE1,IMPMAI,1,2026,0.81843022
RE1,IMPMAI,1,2027,0.81843022
RE1,IMPMAI,1,2028,0.81843022
RE1,IMPMAI,1,2029,0.81843022
RE1,IMPMAI,1,2030,0.81843022
RE1,IMPMAI,1,2031,0.81843022
RE1,IMPMAI,1,2032,0.81843022
RE1,IMPMAI,1,2033,0.81843022
RE1,IMPMAI,1,2034,0.81843022
RE1,IMPMAI,1,2035,0.81843022
RE1,IMPMAI,1,2036,0.81843022
RE1,IMPMAI,1,2037,0.81843022
RE1,IMPMAI,1,2038,0.81843022
RE1,IMPMAI,1,2039,0.81843
RE1,IMPMAI,1,2040,0.81843022
RE1,IMPMAI,1,2041,0.81843022
RE1,IMPMAI,1,2042,0.81843022
RE1,IMPMAI,1,2043,0.81843022
RE1,IMPMAI,1,2044,0.81843022
RE1,IMPMAI,1,2045,0.81843022
RE1,IMPMAI,1,2046,0.81843022
RE1,IMPMAI,1,2047,0.81843022
RE1,IMPMAI,1,2048,0.81843022
RE1,IMPMAI,1,2049,0.81843022
RE1,IMPMAI,1,2050,0.81843022
RE1,IMPWHE,1,2020,0.3368
RE1,IMPWHE,1,2021,0.4075
RE1,IMPWHE,1,2022,0.5111
RE1,IMPWHE,1,2023,0.3818
RE1,IMPWHE,1,2024,0.357929066
RE1,IMPWHE,1,2025,0.357929066
RE1,IMPWHE,1,2026,0.357929066
RE1,IMPWHE,1,2027,0.357929066
RE1,IMPWHE,1,2028,0.357929066
RE1,IMPWHE,1,2029,0.357929066
RE1,IMPWHE,1,2030,0.357929066
RE1,IMPWHE,1,2031,0.357929066
RE1,IMPWHE,1,2032,0.357929066
RE1,IMPWHE,1,2033,0.357929066
RE1,IMPWHE,1,2034,0.357929066
RE1,IMPWHE,1,2035,0.357929066
RE1,IMPWHE,1,2036,0.357929066
RE1,IMPWHE,1,2037,0.357929066
RE1,IMPWHE,1,2038,0.357929066
RE1,IMPWHE,1,2039,0.35793
RE1,IMPWHE,1,2040,0.357929066
RE1,IMPWHE,1,2041,0.357929066
RE1,IMPWHE,1,2042,0.357929066
RE1,IMPWHE,1,2043,0.357929066
RE1,IMPWHE,1,2044,0.357929066
RE1,IMPWHE,1,2045,0.357929066
RE1,IMPWHE,1,2046,0.357929066
RE1,IMPWHE,1,2047,0.357929066
RE1,IMPWHE,1,2048,0.357929066
RE1,IMPWHE,1,2049,0.357929066
RE1,IMPWHE,1,2050,0.357929066
RE1,IMPSOR,1,2020,0.6319
RE1,IMPSOR,1,2021,0.699
RE1,IMPSOR,1,2022,0.9178
RE1,IMPSOR,1,2023,0.687
RE1,IMPSOR,1,2024,0.62484086
RE1,IMPSOR,1,2025,0.62484086
RE1,IMPSOR,1,2026,0.62484086
RE1,IMPSOR,1,2027,0.62484086
RE1,IMPSOR,1,2028,0.62484086
RE1,IMPSOR,1,2029,0.62484086
RE1,IMPSOR,1,2030,0.62484086
RE1,IMPSOR,1,2031,0.62484086
RE1,IMPSOR,1,2032,0.62484086
RE1,IMPSOR,1,2033,0.62484086
RE1,IMPSOR,1,2034,0.62484086
RE1,IMPSOR,1,2035,0.62484086
RE1,IMPSOR,1,2036,0.62484086
RE1,IMPSOR,1,2037,0.62484086
RE1,IMPSOR,1,2038,0.62484086
RE1,IMPSOR,1,2039,0.62484
RE1,IMPSOR,1,2040,0.62484086
RE1,IMPSOR,1,2041,0.62484086
RE1,IMPSOR,1,2042,0.62484086
RE1,IMPSOR,1,2043,0.62484086
RE1,IMPSOR,1,2044,0.62484086
RE1,IMPSOR,1,2045,0.62484086
RE1,IMPSOR,1,2046,0.62484086
RE1,IMPSOR,1,2047,0.62484086
RE1,IMPSOR,1,2048,0.62484086
RE1,IMPSOR,1,2049,0.62484086
RE1,IMPSOR,1,2050,0.62484086
RE1,IMPBRL,1,2020,0.3896
RE1,IMPBRL,1,2021,0.5002
RE1,IMPBRL,1,2022,0.5428
RE1,IMPBRL,1,2023,0.4308
RE1,IMPBRL,1,2024,0.443276485
RE1,IMPBRL,1,2025,0.443276485
RE1,IMPBRL,1,2026,0.443276485
RE1,IMPBRL,1,2027,0.443276485
RE1,IMPBRL,1,2028,0.443276485
RE1,IMPBRL,1,2029,0.443276485
RE1,IMPBRL,1,2030,0.443276485
RE1,IMPBRL,1,2031,0.443276485
RE1,IMPBRL,1,2032,0.443276485
RE1,IMPBRL,1,2033,0.443276485
RE1,IMPBRL,1,2034,0.443276485
RE1,IMPBRL,1,2035,0.443276485
RE1,IMPBRL,1,2036,0.443276485
RE1,IMPBRL,1,2037,0.443276485
RE1,IMPBRL,1,2038,0.443276485
RE1,IMPBRL,1,2039,0.44328
RE1,IMPBRL,1,2040,0.443276485
RE1,IMPBRL,1,2041,0.443276485
RE1,IMPBRL,1,2042,0.443276485
RE1,IMPBRL,1,2043,0.443276485
RE1,IMPBRL,1,2044,0.443276485
RE1,IMPBRL,1,2045,0.443276485
RE1,IMPBRL,1,2046,0.443276485
RE1,IMPBRL,1,2047,0.443276485
RE1,IMPBRL,1,2048,0.443276485
RE1,IMPBRL,1,2049,0.443276485
RE1,IMPBRL,1,2050,0.443276485
RE1,IMPCOF,1,2020,999999.0
RE1,IMPCOF,1,2021,999999.0
RE1,IMPCOF,1,2022,999999.0
RE1,IMPCOF,1,2023,999999.0
RE1,IMPCOF,1,2024,999999.0
RE1,IMPCOF,1,2025,999999.0
RE1,IMPCOF,1,2026,999999.0
RE1,IMPCOF,1,2027,999999.0
RE1,IMPCOF,1,2028,999999.0
RE1,IMPCOF,1,2029,999999.0
RE1,IMPCOF,1,2030,999999.0
RE1,IMPCOF,1,2031,999999.0
RE1,IMPCOF,1,2032,999999.0
RE1,IMPCOF,1,2033,999999.0
RE1,IMPCOF,1,2034,999999.0
RE1,IMPCOF,1,2035,999999.0
RE1,IMPCOF,1,2036,999999.0
RE1,IMPCOF,1,2037,999999.0
RE1,IMPCOF,1,2038,999999.0
RE1,IMPCOF,1,2039,999999.0
RE1,IMPCOF,1,2040,999999.0
RE1,IMPCOF,1,2041,999999.0
RE1,IMPCOF,1,2042,999999.0
RE1,IMPCOF,1,2043,999999.0
RE1,IMPCOF,1,2044,999999.0
RE1,IMPCOF,1,2045,999999.0
RE1,IMPCOF,1,2046,999999.0
RE1,IMPCOF,1,2047,999999.0
RE1,IMPCOF,1,2048,999999.0
RE1,IMPCOF,1,2049,999999.0
RE1,IMPCOF,1,2050,999999.0
RE1,IMPOTC,1,2020,999999.0
RE1,IMPOTC,1,2021,999999.0
RE1,IMPOTC,1,2022,999999.0
RE1,IMPOTC,1,2023,999999.0
RE1,IMPOTC,1,2024,999999.0
RE1,IMPOTC,1,2025,999999.0
RE1,IMPOTC,1,2026,999999.0
RE1,IMPOTC,1,2027,999999.0
RE1,IMPOTC,1,2028,999999.0
RE1,IMPOTC,1,2029,999999.0
RE1,IMPOTC,1,2030,999999.0
RE1,IMPOTC,1,2031,999999.0
RE1,IMPOTC,1,2032,999999.0
RE1,IMPOTC,1,2033,999999.0
RE1,IMPOTC,1,2034,999999.0
RE1,IMPOTC,1,2035,999999.0
RE1,IMPOTC,1,2036,999999.0
RE1,IMPOTC,1,2037,999999.0
RE1,IMPOTC,1,2038,999999.0
RE1,IMPOTC,1,2039,999999.0
RE1,IMPOTC,1,2040,999999.0
RE1,IMPOTC,1,2041,999999.0
RE1,IMPOTC,1,2042,999999.0
RE1,IMPOTC,1,2043,999999.0
RE1,IMPOTC,1,2044,999999.0
RE1,IMPOTC,1,2045,999999.0
RE1,IMPOTC,1,2046,999999.0
RE1,IMPOTC,1,2047,999999.0
RE1,IMPOTC,1,2048,999999.0
RE1,IMPOTC,1,2049,999999.0
RE1,IMPOTC,1,2050,999999.0
RE1,IMPSGC,1,2020,0.3368
RE1,IMPSGC,1,2021,0.4075
RE1,IMPSGC,1,2022,0.5111
RE1,IMPSGC,1,2023,0.3818
RE1,IMPSGC,1,2024,0.357929066
RE1,IMPSGC,1,2025,0.357929066
RE1,IMPSGC,1,2026,0.357929066
RE1,IMPSGC,1,2027,0.357929066
RE1,IMPSGC,1,2028,0.357929066
RE1,IMPSGC,1,2029,0.357929066
RE1,IMPSGC,1,2030,0.357929066
RE1,IMPSGC,1,2031,0.357929066
RE1,IMPSGC,1,2032,0.357929066
RE1,IMPSGC,1,2033,0.357929066
RE1,IMPSGC,1,2034,0.357929066
RE1,IMPSGC,1,2035,0.357929066
RE1,IMPSGC,1,2036,0.357929066
RE1,IMPSGC,1,2037,0.357929066
RE1,IMPSGC,1,2038,0.357929066
RE1,IMPSGC,1,2039,0.35793
RE1,IMPSGC,1,2040,0.357929066
RE1,IMPSGC,1,2041,0.357929066
RE1,IMPSGC,1,2042,0.357929066
RE1,IMPSGC,1,2043,0.357929066
RE1,IMPSGC,1,2044,0.357929066
RE1,IMPSGC,1,2045,0.357929066
RE1,IMPSGC,1,2046,0.357929066
RE1,IMPSGC,1,2047,0.357929066
RE1,IMPSGC,1,2048,0.357929066
RE1,IMPSGC,1,2049,0.357929066
RE1,IMPSGC,1,2050,0.357929066
RE1,DEMPWRGWTWAT,1,2020,0.0001
RE1,DEMPWRGWTWAT,1,2021,0.0001
RE1,DEMPWRGWTWAT,1,2022,0.0001
RE1,DEMPWRGWTWAT,1,2023,0.0001
RE1,DEMPWRGWTWAT,1,2024,0.0001
RE1,DEMPWRGWTWAT,1,2025,0.0001
RE1,DEMPWRGWTWAT,1,2026,0.0001
RE1,DEMPWRGWTWAT,1,2027,0.0001
RE1,DEMPWRGWTWAT,1,2028,0.0001
RE1,DEMPWRGWTWAT,1,2029,0.0001
RE1,DEMPWRGWTWAT,1,2030,0.0001
RE1,DEMPWRGWTWAT,1,2031,0.0001
RE1,DEMPWRGWTWAT,1,2032,0.0001
RE1,DEMPWRGWTWAT,1,2033,0.0001
RE1,DEMPWRGWTWAT,1,2034,0.0001
RE1,DEMPWRGWTWAT,1,2035,0.0001
RE1,DEMPWRGWTWAT,1,2036,0.0001
RE1,DEMPWRGWTWAT,1,2037,0.0001
RE1,DEMPWRGWTWAT,1,2038,0.0001
RE1,DEMPWRGWTWAT,1,2039,0.0001
RE1,DEMPWRGWTWAT,1,2040,0.0001
RE1,DEMPWRGWTWAT,1,2041,0.0001
RE1,DEMPWRGWTWAT,1,2042,0.0001
RE1,DEMPWRGWTWAT,1,2043,0.0001
RE1,DEMPWRGWTWAT,1,2044,0.0001
RE1,DEMPWRGWTWAT,1,2045,0.0001
RE1,DEMPWRGWTWAT,1,2046,0.0001
RE1,DEMPWRGWTWAT,1,2047,0.0001
RE1,DEMPWRGWTWAT,1,2048,0.0001
RE1,DEMPWRGWTWAT,1,2049,0.0001
RE1,DEMPWRGWTWAT,1,2050,0.0001
RE1,DEMPWRSURWAT,1,2020,0.0001
RE1,DEMPWRSURWAT,1,2021,0.0001
RE1,DEMPWRSURWAT,1,2022,0.0001
RE1,DEMPWRSURWAT,1,2023,0.0001
RE1,DEMPWRSURWAT,1,2024,0.0001
RE1,DEMPWRSURWAT,1,2025,0.0001
RE1,DEMPWRSURWAT,1,2026,0.0001
RE1,DEMPWRSURWAT,1,2027,0.0001
RE1,DEMPWRSURWAT,1,2028,0.0001
RE1,DEMPWRSURWAT,1,2029,0.0001
RE1,DEMPWRSURWAT,1,2030,0.0001
RE1,DEMPWRSURWAT,1,2031,0.0001
RE1,DEMPWRSURWAT,1,2032,0.0001
RE1,DEMPWRSURWAT,1,2033,0.0001
RE1,DEMPWRSURWAT,1,2034,0.0001
RE1,DEMPWRSURWAT,1,2035,0.0001
RE1,DEMPWRSURWAT,1,2036,0.0001
RE1,DEMPWRSURWAT,1,2037,0.0001
RE1,DEMPWRSURWAT,1,2038,0.0001
RE1,DEMPWRSURWAT,1,2039,0.0001
RE1,DEMPWRSURWAT,1,2040,0.0001
RE1,DEMPWRSURWAT,1,2041,0.0001
RE1,DEMPWRSURWAT,1,2042,0.0001
RE1,DEMPWRSURWAT,1,2043,0.0001
RE1,DEMPWRSURWAT,1,2044,0.0001
RE1,DEMPWRSURWAT,1,2045,0.0001
RE1,DEMPWRSURWAT,1,2046,0.0001
RE1,DEMPWRSURWAT,1,2047,0.0001
RE1,DEMPWRSURWAT,1,2048,0.0001
RE1,DEMPWRSURWAT,1,2049,0.0001
RE1,DEMPWRSURWAT,1,2050,0.0001
RE1,DEMAGRDSL,1,2020,0.0001
RE1,DEMAGRDSL,1,2021,0.0001
RE1,DEMAGRDSL,1,2022,0.0001
RE1,DEMAGRDSL,1,2023,0.0001
RE1,DEMAGRDSL,1,2024,0.0001
RE1,DEMAGRDSL,1,2025,0.0001
RE1,DEMAGRDSL,1,2026,0.0001
RE1,DEMAGRDSL,1,2027,0.0001
RE1,DEMAGRDSL,1,2028,0.0001
RE1,DEMAGRDSL,1,2029,0.0001
RE1,DEMAGRDSL,1,2030,0.0001
RE1,DEMAGRDSL,1,2031,0.0001
RE1,DEMAGRDSL,1,2032,0.0001
RE1,DEMAGRDSL,1,2033,0.0001
RE1,DEMAGRDSL,1,2034,0.0001
RE1,DEMAGRDSL,1,2035,0.0001
RE1,DEMAGRDSL,1,2036,0.0001
RE1,DEMAGRDSL,1,2037,0.0001
RE1,DEMAGRDSL,1,2038,0.0001
RE1,DEMAGRDSL,1,2039,0.0001
RE1,DEMAGRDSL,1,2040,0.0001
RE1,DEMAGRDSL,1,2041,0.0001
RE1,DEMAGRDSL,1,2042,0.0001
RE1,DEMAGRDSL,1,2043,0.0001
RE1,DEMAGRDSL,1,2044,0.0001
RE1,DEMAGRDSL,1,2045,0.0001
RE1,DEMAGRDSL,1,2046,0.0001
RE1,DEMAGRDSL,1,2047,0.0001
RE1,DEMAGRDSL,1,2048,0.0001
RE1,DEMAGRDSL,1,2049,0.0001
RE1,DEMAGRDSL,1,2050,0.0001
